target,feature1,feature2,feature3,feature4,feature5,feature6,feature7,feature8,feature9,feature10,feature11,feature12,feature13
1,0.76,8.73,0.1,,6.51,183.0,24.49,15.15,121.3,35,57,3,3
0,0.99,3.65,2.23,5.0,7.37,130.0,19.41,8.76,87.06,147,113,3,3
0,0.72,1.64,2.62,6.0,5.6,172.0,6.05,13.88,115.68,187,198,1,3
0,0.34,2.5,4.55,5.0,4.13,51.0,7.86,22.73,50.21,132,90,3,3
0,0.94,8.85,4.22,3.0,7.4,49.0,20.31,7.62,53.98,51,126,1,2
1,0.04,1.57,2.23,1.0,3.02,58.0,5.77,15.74,54.28,75,16,1,3
0,0.48,4.94,3.79,7.0,4.58,55.0,19.06,18.67,51.12,101,57,1,1
0,0.39,0.75,0.63,1.0,4.06,182.0,13.76,18.7,111.47,116,56,3,1
0,0.84,7.46,4.17,7.0,6.71,193.0,6.05,11.98,120.3,35,40,3,3
0,0.97,9.49,4.75,1.0,7.3,112.0,11.72,10.7,77.48,75,89,1,3
0,0.32,1.17,4.31,5.0,4.12,109.0,20.49,19.97,75.93,14,49,1,2
0,0.91,0.79,1.64,4.0,,60.0,16.92,23.69,57.24,78,38,1,2
1,0.5,5.96,4.96,4.0,4.65,127.0,7.03,12.09,88.65,71,147,3,1
1,0.86,2.53,3.09,2.0,6.35,152.0,15.65,13.58,98.91,181,94,2,2
1,0.56,2.71,3.86,7.0,5.46,86.0,11.27,6.37,69.35,181,160,2,2
1,0.2,6.0,2.83,2.0,3.85,114.0,15.04,11.21,85.42,137,208,1,3
1,0.46,0.47,1.79,1.0,4.33,12.0,11.97,16.61,29.56,188,19,1,3
1,0.94,9.36,3.88,4.0,7.29,126.0,5.69,14.51,88.67,141,22,2,2
1,0.84,0.45,3.1,0.0,6.6,27.0,12.35,21.88,34.69,68,36,3,3
0,0.37,2.99,4.81,3.0,3.99,181.0,17.01,14.67,119.15,192,43,2,2
0,0.21,7.84,4.0,3.0,3.79,,12.27,20.39,72.7,191,129,3,3
0,0.22,8.55,2.23,4.0,3.95,,11.2,24.64,90.99,87,125,1,1
0,0.33,0.22,0.51,1.0,4.12,161.0,22.74,22.93,103.05,135,26,1,2
0,0.87,6.59,4.83,6.0,6.93,170.0,21.42,13.88,108.12,143,110,1,3
1,0.16,0.58,0.35,3.0,3.27,,5.68,7.06,83.24,198,121,3,3
0,0.05,5.56,2.32,0.0,2.39,74.0,24.44,21.46,65.4,151,26,1,1
1,0.61,7.5,0.46,1.0,5.54,70.0,15.84,14.57,58.59,160,40,1,2
0,0.63,1.37,0.1,5.0,,21.0,20.52,16.5,34.39,110,18,1,2
1,0.69,5.29,2.76,1.0,6.21,182.0,19.48,6.89,115.24,71,112,2,3
0,0.22,0.88,4.26,7.0,3.68,194.0,12.21,21.44,124.91,141,11,2,3
0,0.0,3.93,4.03,6.0,2.35,74.0,15.32,12.37,64.07,162,14,2,3
0,,7.33,2.8,3.0,5.74,40.0,9.23,20.13,49.08,168,78,2,2
0,0.74,0.72,0.13,7.0,6.44,142.0,21.8,9.83,93.26,40,26,2,2
0,0.07,8.45,2.9,0.0,2.83,56.0,22.23,21.05,56.28,186,120,2,3
1,0.65,4.32,4.89,3.0,6.03,16.0,8.79,11.91,35.74,98,185,1,3
1,0.62,2.71,1.0,1.0,5.19,66.0,12.86,24.26,61.51,96,153,2,1
0,0.58,4.09,1.86,7.0,5.58,18.0,11.6,16.2,32.69,184,34,2,2
1,0.21,5.59,2.63,,3.23,194.0,9.73,16.35,124.91,97,131,1,2
1,0.74,6.08,0.99,4.0,6.46,132.0,11.58,13.78,86.13,136,195,3,3
1,0.92,5.04,4.0,0.0,7.46,40.0,11.53,16.16,48.42,25,72,3,1
1,0.71,9.85,3.71,4.0,6.2,169.0,12.74,15.97,113.87,118,34,2,2
0,0.27,1.58,4.09,4.0,3.96,44.0,5.74,24.57,43.57,166,118,1,2
1,0.57,5.99,4.89,0.0,5.61,201.0,6.14,17.0,125.67,170,150,2,1
1,0.13,0.72,0.3,4.0,2.82,39.0,16.91,14.88,45.14,177,32,1,2
0,0.49,8.4,4.3,7.0,4.88,199.0,20.44,5.2,122.24,156,206,2,2
0,0.33,2.85,1.7,0.0,3.93,182.0,21.29,16.35,117.78,35,192,1,2
1,0.53,1.66,4.5,4.0,5.28,69.0,5.6,14.42,62.8,174,145,1,2
1,0.49,8.01,0.25,7.0,5.2,102.0,21.68,24.68,77.78,55,180,2,1
0,0.38,8.84,1.65,0.0,4.62,116.0,22.76,23.31,81.54,92,95,3,2
1,0.74,3.43,,4.0,6.7,132.0,14.38,5.01,88.53,13,179,3,1
0,0.91,0.33,4.58,2.0,6.91,124.0,12.63,15.93,86.7,147,108,1,2
0,0.68,5.8,0.21,5.0,5.56,52.0,21.1,5.03,48.76,127,52,1,2
0,0.56,5.64,4.35,4.0,5.03,138.0,7.9,24.61,93.22,26,18,1,1
0,0.42,2.98,4.71,4.0,4.76,94.0,10.11,18.39,68.36,71,87,2,2
0,0.44,2.96,4.77,,4.32,182.0,15.7,8.11,113.9,135,190,1,2
0,0.91,6.1,0.9,1.0,7.33,179.0,24.87,8.86,119.17,108,200,1,3
0,0.41,0.87,,7.0,4.35,115.0,6.05,14.13,84.7,175,162,2,2
1,0.25,6.42,4.88,2.0,3.56,158.0,7.22,10.65,104.17,115,135,1,1
1,0.45,7.82,4.32,0.0,4.84,200.0,12.52,8.2,122.43,64,75,2,3
0,0.93,3.55,0.12,4.0,7.08,61.0,11.86,17.9,52.18,206,143,1,3
0,0.03,8.6,4.03,5.0,2.49,177.0,15.82,9.81,109.8,127,24,2,2
0,0.8,3.48,,1.0,6.47,197.0,6.66,21.38,118.51,175,108,1,2
1,0.06,3.36,0.83,6.0,2.7,126.0,19.46,24.88,86.4,158,88,1,3
0,0.77,1.73,4.09,1.0,6.3,202.0,24.87,7.3,127.65,76,177,1,1
0,0.42,8.9,0.87,3.0,4.29,128.0,14.0,22.94,87.42,83,81,2,2
1,0.07,5.01,0.5,3.0,2.48,149.0,5.53,23.56,104.36,137,178,1,3
0,1.0,9.36,4.7,0.0,7.52,177.0,7.23,14.49,111.93,186,62,1,2
0,0.7,3.3,3.69,2.0,5.81,,23.43,21.42,106.9,25,94,1,2
0,0.52,5.0,3.85,6.0,,173.0,6.22,17.4,115.48,47,46,1,2
0,0.03,3.4,4.14,3.0,2.86,37.0,16.06,22.8,48.0,22,185,2,1
1,,2.4,1.11,0.0,6.51,48.0,14.57,21.0,46.59,131,85,2,2
0,0.22,7.0,4.4,0.0,4.03,154.0,20.07,17.07,97.36,191,127,1,3
1,0.39,2.19,0.4,1.0,4.62,50.0,16.64,8.84,47.28,163,37,1,2
0,0.91,4.36,1.62,6.0,6.59,,19.64,15.38,126.42,102,118,1,1
0,0.04,5.76,3.2,4.0,,106.0,16.09,15.21,81.69,145,152,1,2
0,0.29,5.1,4.34,3.0,3.69,58.0,5.67,23.33,50.05,70,193,3,2
0,0.17,0.21,1.07,5.0,3.04,74.0,18.85,24.13,59.45,103,144,1,2
1,0.26,7.86,3.35,,3.46,160.0,24.36,9.16,104.21,121,182,2,2
1,0.64,9.42,4.19,1.0,6.04,199.0,23.31,5.59,127.0,97,89,1,1
0,0.81,4.59,4.76,6.0,6.07,179.0,12.39,12.73,114.95,159,73,1,3
0,0.63,0.66,3.45,5.0,5.24,117.0,12.46,18.1,78.61,142,20,3,2
0,0.15,7.76,1.56,3.0,2.78,,18.01,13.63,102.97,72,128,1,2
1,0.47,1.27,3.25,3.0,4.41,93.0,14.95,12.28,72.48,113,209,1,3
1,0.03,1.1,2.23,0.0,2.24,,19.77,9.6,65.31,45,49,1,2
1,0.01,4.91,2.11,1.0,2.14,,22.12,11.75,57.16,51,50,2,2
0,,9.62,2.68,6.0,3.84,186.0,9.1,23.95,116.97,39,26,1,2
1,0.54,1.37,3.92,2.0,4.85,60.0,14.56,9.84,53.46,19,54,3,3
1,0.45,4.57,0.3,1.0,4.93,193.0,9.76,10.69,120.97,155,87,3,3
0,0.59,4.61,3.0,4.0,5.44,164.0,14.81,17.5,109.57,127,95,2,1
0,0.51,4.15,4.38,7.0,4.6,149.0,23.93,19.4,98.87,16,83,1,2
0,0.98,4.59,4.62,5.0,7.0,11.0,6.27,8.42,26.41,113,104,3,2
1,0.49,9.89,3.33,5.0,5.06,89.0,7.57,8.81,72.41,121,75,3,2
0,,0.08,2.86,4.0,3.46,,18.44,21.44,85.58,151,154,2,2
0,0.62,0.48,2.63,4.0,5.23,134.0,21.29,16.96,88.65,201,34,1,3
0,0.79,5.07,1.87,6.0,6.76,69.0,13.19,11.52,55.37,113,207,3,2
1,0.43,8.92,0.92,7.0,5.0,136.0,5.58,18.78,94.4,196,89,3,2
0,0.46,8.87,2.4,2.0,4.64,29.0,14.96,19.08,40.98,154,132,3,1
0,0.73,5.12,2.77,3.0,6.33,85.0,11.99,10.36,66.91,71,163,1,3
0,0.96,2.3,2.34,6.0,6.88,26.0,9.26,8.43,41.44,44,147,1,2
0,0.1,9.57,2.71,6.0,2.82,,22.74,19.07,52.47,205,124,1,1
0,0.8,3.82,2.26,7.0,6.06,41.0,9.5,9.6,47.22,61,99,1,3
1,0.46,6.85,4.71,5.0,4.97,79.0,8.83,12.39,68.46,94,44,1,3
1,0.55,3.09,4.39,0.0,5.37,201.0,21.39,11.17,125.68,160,141,3,2
1,0.81,7.76,3.42,3.0,7.04,71.0,23.23,17.3,61.78,196,122,2,1
0,0.39,9.43,3.06,5.0,3.99,114.0,21.89,6.78,79.52,69,201,2,2
0,0.34,0.45,2.14,6.0,4.06,167.0,11.76,22.76,105.0,86,34,2,3
0,0.19,7.68,0.12,3.0,3.27,161.0,16.42,5.9,108.63,111,48,1,3
0,0.82,4.35,0.29,6.0,6.91,98.0,21.03,16.99,71.15,100,62,1,2
1,0.36,7.69,2.32,1.0,4.3,145.0,5.19,17.0,100.82,92,150,1,3
1,0.44,3.38,4.4,4.0,4.53,118.0,9.34,10.65,86.06,157,37,2,3
0,0.03,1.55,1.74,0.0,2.46,94.0,10.19,22.06,68.72,116,130,1,2
0,0.41,7.27,1.89,1.0,4.15,207.0,20.56,16.77,125.21,88,172,1,2
0,0.16,7.84,3.65,3.0,3.79,149.0,12.91,15.18,98.63,200,158,1,2
0,0.76,0.6,3.92,1.0,6.31,110.0,17.21,23.13,75.47,202,204,1,2
0,0.92,8.63,2.75,0.0,7.19,202.0,14.71,5.79,126.16,84,185,1,2
0,0.77,3.18,1.19,2.0,6.33,170.0,23.05,9.43,107.73,92,84,1,3
1,0.92,3.65,3.63,5.0,6.85,169.0,24.87,23.79,111.49,97,119,2,2
0,0.24,3.06,1.08,6.0,4.06,81.0,21.11,22.99,65.82,142,55,1,2
1,0.1,6.96,3.93,4.0,3.11,,5.7,9.77,61.91,182,28,1,2
1,0.62,1.93,0.8,7.0,5.98,36.0,10.21,17.42,44.89,104,199,1,2
1,,4.71,0.59,4.0,2.75,23.0,16.7,23.72,37.76,137,40,1,2
0,1.0,9.76,4.83,5.0,7.58,162.0,18.18,7.09,102.81,47,35,2,2
1,0.17,2.71,3.19,0.0,3.11,154.0,11.22,11.28,105.93,45,96,2,3
0,0.15,6.27,2.01,0.0,3.53,122.0,23.59,22.22,88.4,202,44,1,2
0,0.62,1.06,1.25,2.0,5.54,58.0,7.24,23.05,54.7,35,193,3,1
1,0.11,7.08,4.48,0.0,2.87,142.0,18.4,5.57,100.73,118,33,3,3
0,0.03,1.71,4.82,4.0,2.48,109.0,24.46,7.08,83.86,205,99,1,2
0,0.23,2.65,3.18,3.0,3.83,181.0,18.14,24.26,119.4,81,66,2,3
0,0.2,1.81,0.84,3.0,3.49,189.0,24.37,6.85,117.23,20,24,2,1
0,0.93,5.15,0.9,4.0,7.58,117.0,18.33,6.32,85.23,42,119,1,3
0,0.68,4.36,3.56,6.0,5.91,,24.27,14.89,92.78,109,138,2,2
0,0.92,2.37,4.76,6.0,7.41,,23.31,24.64,42.3,188,81,1,2
1,0.02,9.66,2.07,1.0,2.98,,13.98,16.52,102.2,140,20,1,3
1,0.8,1.78,2.06,0.0,6.23,75.0,24.73,22.14,58.31,131,126,3,2
0,0.86,2.02,1.2,3.0,6.73,113.0,7.41,20.44,79.8,186,16,1,3
0,0.73,8.85,1.78,0.0,6.13,74.0,22.08,12.39,62.8,140,199,1,1
0,0.94,6.02,0.94,3.0,6.78,157.0,10.76,11.5,102.89,161,115,1,2
1,0.01,4.17,0.0,5.0,2.08,167.0,5.6,9.48,107.42,14,154,3,2
0,0.65,9.95,1.65,5.0,5.5,189.0,21.18,16.52,115.82,158,122,2,2
1,0.02,5.04,0.15,1.0,2.84,167.0,22.56,13.79,106.77,74,67,2,2
1,0.8,0.03,3.13,4.0,6.97,146.0,13.07,20.5,101.52,182,184,3,2
0,0.33,2.28,0.96,0.0,4.26,,15.51,8.9,35.69,50,129,1,2
0,0.76,3.83,0.26,5.0,6.68,134.0,8.02,5.56,91.18,70,179,1,1
1,0.17,2.93,4.08,0.0,3.7,207.0,8.9,6.9,124.65,181,50,1,1
1,0.47,8.63,0.65,5.0,5.14,79.0,13.83,10.63,66.15,161,19,1,2
0,0.13,8.43,3.65,5.0,3.48,23.0,14.5,17.46,39.78,33,50,2,3
1,0.71,2.68,4.53,1.0,6.07,87.0,17.41,15.9,65.61,115,89,2,2
0,0.14,8.98,0.27,2.0,3.22,168.0,20.48,13.65,112.5,102,76,3,3
1,0.45,5.9,0.0,2.0,4.88,139.0,15.61,21.53,94.76,11,150,2,2
0,0.96,8.1,4.57,1.0,7.31,145.0,24.64,6.08,97.76,114,170,1,2
0,0.35,9.3,1.33,4.0,4.36,139.0,24.79,16.23,95.26,27,182,1,3
1,0.52,9.27,0.07,5.0,5.52,52.0,15.73,6.42,46.3,149,95,1,2
0,0.4,5.57,3.92,3.0,4.51,117.0,23.38,8.93,84.75,26,195,1,2
0,0.95,6.97,2.52,2.0,7.38,140.0,5.28,18.24,94.65,130,134,1,3
1,0.84,3.84,0.72,2.0,6.5,59.0,22.8,15.68,56.85,97,117,3,3
1,0.67,1.62,3.34,5.0,6.33,143.0,17.99,7.99,98.71,79,146,2,2
0,0.82,5.81,4.48,1.0,6.27,180.0,5.29,8.4,117.62,75,196,1,3
0,0.29,3.97,2.14,1.0,3.75,118.0,18.4,22.48,87.71,39,189,1,3
1,0.96,3.97,0.78,0.0,7.08,,8.34,10.89,66.02,10,97,2,2
0,0.57,6.45,4.64,0.0,5.78,80.0,16.81,23.79,60.55,203,14,3,1
1,0.61,0.79,4.93,2.0,5.63,137.0,7.4,12.94,94.0,35,93,1,2
0,0.74,5.22,4.94,4.0,5.87,21.0,23.98,11.91,34.74,77,162,2,3
0,0.47,9.74,4.17,1.0,4.96,94.0,18.62,18.45,70.94,129,46,2,2
1,0.34,5.57,1.77,0.0,4.38,43.0,6.08,21.42,42.12,76,35,1,2
0,0.39,1.66,4.85,1.0,4.39,176.0,15.75,18.96,114.09,16,136,1,2
0,0.23,3.1,0.33,4.0,3.71,32.0,8.77,5.69,45.41,27,40,2,1
1,0.59,3.62,1.6,4.0,5.87,162.0,15.76,11.09,110.84,12,56,3,3
0,0.8,7.05,3.98,1.0,6.87,118.0,9.48,13.53,81.07,105,136,1,2
0,0.6,5.8,0.5,5.0,5.03,,9.22,22.48,60.18,15,22,1,3
0,0.02,8.72,3.73,3.0,2.83,39.0,21.22,24.3,40.04,111,180,1,2
0,0.08,0.3,3.7,7.0,3.13,,10.93,16.43,88.64,110,135,1,2
1,0.42,7.91,0.54,5.0,4.12,124.0,17.32,14.2,82.07,187,108,1,3
0,0.42,5.05,0.12,1.0,4.18,79.0,7.72,24.77,67.75,82,96,2,2
1,0.18,9.55,1.4,5.0,3.01,162.0,15.78,7.59,110.39,204,27,1,2
0,0.93,7.81,3.69,7.0,7.28,33.0,20.7,7.15,45.88,134,23,1,2
0,0.15,7.58,4.91,,3.65,67.0,22.93,17.38,54.96,76,111,3,2
0,0.12,1.08,0.45,7.0,3.47,205.0,17.92,13.33,124.28,111,83,1,1
0,0.45,2.17,2.59,5.0,4.99,109.0,17.9,9.48,82.54,207,22,1,2
1,0.95,0.48,3.53,6.0,7.64,143.0,9.46,19.82,96.28,34,76,2,2
1,0.23,8.04,4.05,3.0,4.11,32.0,16.05,5.59,40.65,131,197,1,1
0,0.81,8.77,0.33,3.0,6.24,96.0,13.64,19.3,70.39,204,195,1,2
0,0.66,0.15,0.78,4.0,5.52,86.0,10.46,24.14,64.8,34,129,1,3
0,0.91,7.8,4.74,5.0,7.27,,22.32,7.52,56.82,78,59,3,2
1,0.19,9.3,2.66,,2.98,129.0,8.5,6.54,91.87,66,206,1,3
1,0.55,9.04,0.8,4.0,5.63,73.0,11.36,20.46,63.04,183,112,3,2
0,0.4,9.29,2.74,0.0,4.11,110.0,16.09,23.16,76.93,127,27,2,2
0,0.09,9.69,3.09,7.0,2.65,63.0,13.87,23.6,61.44,54,97,3,2
1,0.11,6.85,,1.0,2.98,202.0,21.37,6.63,128.25,33,174,2,2
0,0.84,8.75,4.4,2.0,6.82,164.0,22.63,11.78,108.99,60,75,1,2
0,0.09,4.14,2.95,6.0,3.2,114.0,16.85,11.81,86.44,193,192,1,1
0,0.08,3.57,1.37,6.0,2.65,185.0,14.28,22.4,118.78,168,10,1,2
0,0.14,2.69,4.03,0.0,3.65,30.0,18.5,20.92,37.25,12,196,2,2
0,0.33,9.35,3.02,7.0,3.66,130.0,8.11,23.39,93.76,200,40,2,2
1,0.08,0.17,2.01,6.0,3.27,81.0,13.04,7.61,67.87,123,127,3,1
1,0.23,9.45,1.46,1.0,3.67,53.0,19.11,9.63,52.56,164,100,3,2
0,0.83,7.59,2.68,3.0,6.84,45.0,23.84,18.75,48.97,143,87,1,2
0,0.25,2.88,1.69,3.0,3.62,110.0,24.91,17.34,82.75,151,197,1,1
1,0.51,7.06,4.89,3.0,4.72,187.0,9.42,10.05,121.77,12,82,3,1
0,0.83,4.89,4.54,7.0,6.22,184.0,7.22,10.54,117.74,197,139,3,2
0,0.28,8.47,1.19,2.0,3.99,89.0,17.5,23.9,66.2,172,11,1,2
1,0.18,1.77,1.37,1.0,3.41,156.0,11.5,16.93,106.51,51,109,2,2
0,0.06,1.92,2.89,7.0,2.83,91.0,18.75,18.7,66.22,39,81,2,3
0,0.1,6.18,3.12,1.0,3.0,92.0,24.82,13.91,75.43,109,28,1,2
0,0.68,1.06,3.68,4.0,5.91,200.0,15.68,11.54,125.32,40,91,1,1
1,0.48,2.23,0.29,1.0,4.84,,6.54,20.85,71.45,130,147,1,3
1,0.83,1.23,0.88,0.0,6.53,35.0,7.77,16.91,38.22,136,189,2,1
0,0.56,5.58,4.69,4.0,5.08,30.0,20.59,12.71,41.91,23,138,3,2
1,0.45,2.26,2.34,5.0,5.09,41.0,5.04,12.84,47.04,126,176,1,2
0,0.09,0.81,1.06,7.0,2.77,121.0,17.11,8.75,87.94,159,77,1,2
1,0.29,1.7,0.28,5.0,4.0,95.0,17.43,7.98,70.25,175,55,1,3
1,0.44,4.45,3.5,3.0,4.6,35.0,21.02,6.79,38.52,173,91,1,1
1,0.9,4.06,4.05,0.0,6.94,94.0,22.89,19.5,70.63,174,184,2,1
1,0.14,1.21,3.52,4.0,3.61,167.0,21.1,5.83,111.7,41,53,1,1
1,0.68,7.25,1.41,5.0,5.96,204.0,6.43,15.43,124.99,143,25,1,2
0,0.53,7.48,,6.0,5.38,38.0,9.46,19.71,46.12,209,98,1,2
0,0.71,3.71,2.86,4.0,5.82,30.0,13.63,13.78,36.57,143,38,1,2
1,0.05,5.83,4.89,0.0,2.98,,12.53,11.62,42.8,77,14,1,3
1,0.34,8.47,3.32,1.0,4.39,110.0,6.42,10.01,82.71,206,104,1,2
0,0.05,9.34,3.94,1.0,2.62,,24.26,22.13,96.72,151,71,3,2
0,0.67,9.55,3.95,6.0,6.16,147.0,15.29,17.82,98.79,32,184,3,2
0,0.99,9.17,3.99,2.0,7.28,,21.17,10.83,42.05,90,57,2,2
0,0.82,7.22,3.83,0.0,6.9,19.0,15.94,20.41,35.07,87,141,1,2
1,0.38,3.91,4.41,6.0,4.57,117.0,11.33,10.27,87.04,23,43,1,3
0,0.91,9.07,3.15,5.0,6.55,123.0,6.71,6.42,88.47,92,117,2,1
1,0.7,3.0,1.45,3.0,,30.0,11.27,10.15,37.99,58,65,1,3
1,0.49,4.71,1.56,1.0,4.77,114.0,11.67,12.65,81.56,101,155,1,2
1,0.93,2.54,4.57,6.0,6.91,23.0,18.4,15.76,32.69,76,194,2,2
1,0.48,7.46,4.49,0.0,4.84,,15.18,17.85,89.79,70,138,1,2
0,0.95,8.69,1.89,1.0,7.25,136.0,9.59,22.55,95.54,165,208,1,3
1,0.18,6.61,2.1,3.0,3.67,74.0,5.99,5.33,61.48,55,146,2,3
1,0.8,0.06,2.28,3.0,6.68,152.0,23.91,12.66,101.9,66,14,3,2
1,0.29,2.75,0.97,4.0,4.33,69.0,18.74,17.83,61.56,65,136,2,3
1,0.1,7.06,1.07,4.0,2.88,135.0,8.04,11.57,96.75,33,183,1,3
1,0.76,3.52,2.99,0.0,5.9,58.0,21.89,18.12,56.92,42,102,2,1
0,0.25,9.22,2.7,2.0,3.99,77.0,21.42,16.46,64.07,137,208,1,3
0,0.75,4.64,0.38,4.0,6.39,16.0,18.17,15.23,29.11,20,112,1,2
1,0.28,3.73,2.86,3.0,3.51,146.0,15.91,8.86,93.02,116,66,3,1
0,0.12,5.72,2.4,6.0,2.66,70.0,5.98,21.77,61.34,163,27,1,1
1,0.9,6.93,2.38,5.0,6.65,,23.99,14.41,45.58,195,46,2,2
0,0.5,4.68,2.34,2.0,4.52,125.0,15.2,16.72,85.43,101,37,1,2
0,0.73,5.38,3.96,0.0,6.41,15.0,12.95,8.38,27.85,201,124,1,3
0,0.86,7.13,3.85,4.0,6.42,137.0,19.18,9.3,98.09,35,61,3,2
0,0.51,3.46,3.67,4.0,4.8,71.0,20.02,14.03,61.08,181,102,1,2
1,0.14,1.71,0.32,3.0,3.47,38.0,24.42,22.24,47.09,36,180,2,2
1,0.59,8.39,2.32,1.0,5.27,79.0,7.04,13.25,67.94,73,25,1,2
0,0.21,8.08,1.91,2.0,3.24,,22.48,17.13,30.48,92,14,3,2
0,0.13,3.26,1.84,3.0,2.74,198.0,10.09,17.49,120.17,12,75,2,2
0,0.8,0.32,1.21,5.0,6.9,163.0,16.14,5.04,103.93,136,160,1,1
1,0.02,1.92,1.86,0.0,2.82,33.0,21.65,12.7,44.53,174,45,3,1
1,0.25,3.5,1.02,5.0,4.02,163.0,5.4,5.4,108.36,38,177,1,1
0,0.4,2.25,1.45,7.0,4.86,113.0,16.69,14.11,79.96,189,179,1,2
1,0.9,2.57,1.68,1.0,7.31,194.0,14.24,19.67,126.31,204,39,2,2
0,0.84,0.02,0.23,3.0,6.88,183.0,11.07,6.64,117.34,191,91,1,2
0,0.25,9.66,4.94,2.0,3.84,152.0,19.99,12.41,102.14,26,101,2,1
0,0.75,1.99,4.24,7.0,6.47,,13.43,7.83,43.1,63,133,2,2
0,0.4,3.94,2.6,,4.49,128.0,15.92,23.35,84.49,139,137,2,2
0,0.42,0.76,0.23,6.0,4.86,30.0,9.37,7.68,39.53,54,25,1,3
0,0.89,6.34,2.63,2.0,6.71,110.0,12.86,10.41,83.68,137,170,2,2
0,0.22,4.58,4.16,6.0,3.94,99.0,15.44,9.7,75.34,68,82,2,2
1,0.88,0.16,0.32,,7.36,131.0,22.72,19.21,92.43,91,162,2,2
0,0.58,0.46,2.2,5.0,5.34,47.0,11.71,24.36,53.21,68,162,2,3
1,0.12,8.02,0.22,5.0,2.74,67.0,7.99,24.61,59.45,10,156,2,2
1,0.76,3.9,1.5,0.0,6.65,207.0,15.96,12.76,125.3,25,115,3,1
0,0.49,4.51,4.5,3.0,5.45,148.0,10.13,24.49,102.85,139,65,3,1
1,0.37,1.83,3.76,0.0,3.9,35.0,16.06,7.81,39.22,115,118,3,3
0,0.76,1.93,0.42,1.0,6.36,46.0,21.07,15.59,47.31,135,23,1,2
1,0.7,6.25,4.41,2.0,6.44,186.0,14.32,6.81,122.1,30,94,2,2
0,0.78,6.38,4.67,4.0,5.93,176.0,13.63,10.68,109.59,148,117,2,2
0,0.03,4.41,4.08,,2.26,16.0,17.47,6.83,35.07,16,146,2,2
1,0.47,8.05,1.74,2.0,5.19,38.0,7.77,12.65,42.78,193,22,2,2
0,0.91,3.06,0.43,,7.06,131.0,9.46,9.14,93.58,188,48,2,2
1,0.38,1.41,1.88,2.0,4.8,195.0,7.92,6.21,124.69,42,157,1,1
0,0.52,6.0,1.96,6.0,4.71,41.0,16.88,18.98,42.12,133,63,1,3
1,0.35,7.21,2.64,1.0,3.77,151.0,21.15,11.12,99.79,56,119,1,2
1,0.35,7.14,0.82,4.0,4.14,188.0,23.17,5.88,118.1,193,181,1,2
0,0.05,4.93,4.72,6.0,2.41,71.0,9.51,12.12,57.92,37,203,3,2
1,0.68,7.21,2.12,3.0,5.52,175.0,8.71,13.02,115.12,201,63,3,2
0,0.65,5.48,0.57,3.0,5.65,117.0,11.68,16.29,83.58,127,36,2,3
1,0.25,9.21,4.65,1.0,3.95,177.0,22.1,5.68,109.12,126,135,1,1
0,0.94,7.7,0.45,2.0,7.16,,11.83,18.43,79.09,47,140,1,1
0,0.35,0.45,3.05,4.0,4.28,114.0,5.23,23.63,86.33,201,47,3,1
1,0.27,7.48,2.26,2.0,4.0,52.0,10.5,17.76,55.6,197,198,2,3
1,0.8,3.59,1.78,6.0,,35.0,20.55,8.38,40.03,24,141,1,2
0,0.79,9.23,3.4,3.0,6.68,,7.83,17.65,59.95,179,15,1,1
0,0.39,0.76,2.19,7.0,4.42,,14.04,24.18,113.69,169,98,2,1
0,0.26,0.87,2.94,7.0,3.76,15.0,5.64,18.01,31.01,193,57,2,3
0,0.92,5.85,4.29,4.0,7.25,90.0,20.73,7.72,71.81,99,51,1,2
0,0.43,8.4,1.28,4.0,4.96,64.0,12.59,13.95,52.91,63,149,2,2
0,0.48,0.18,3.13,5.0,4.78,164.0,7.12,23.73,109.17,23,125,2,2
0,0.88,2.07,0.85,2.0,7.13,185.0,11.69,17.11,118.92,59,204,1,2
1,0.58,7.08,0.22,7.0,5.42,32.0,19.4,21.87,36.89,125,143,2,1
0,0.29,6.67,1.01,1.0,4.11,70.0,19.12,14.9,56.55,120,28,3,3
0,0.66,0.2,3.77,6.0,5.93,122.0,24.37,23.45,87.71,200,84,1,2
1,0.17,1.11,3.51,5.0,,76.0,10.31,7.95,62.14,60,182,1,1
1,0.36,7.09,4.42,0.0,4.19,110.0,10.33,6.17,81.11,189,20,1,2
1,0.05,1.33,2.87,5.0,3.0,175.0,11.1,8.5,108.52,72,200,3,3
0,0.41,8.91,2.86,6.0,4.65,103.0,15.49,13.32,81.4,33,35,1,3
1,0.75,5.64,4.23,3.0,5.77,83.0,10.42,15.69,68.49,45,155,2,1
1,0.77,1.48,2.64,4.0,6.63,203.0,11.71,20.58,128.28,111,23,2,1
0,0.56,0.01,3.43,6.0,5.26,170.0,12.96,11.9,108.67,36,35,1,3
0,0.81,1.08,2.89,3.0,6.73,139.0,7.91,15.28,93.33,63,57,1,3
0,,8.31,0.02,1.0,5.94,,19.02,7.98,96.2,209,53,2,2
1,0.42,1.35,2.83,3.0,4.64,189.0,5.13,12.93,116.29,56,134,2,1
1,0.03,4.98,0.41,0.0,2.67,113.0,10.02,15.67,81.94,187,35,1,3
1,0.94,6.46,0.03,4.0,6.87,24.0,7.98,7.55,35.62,10,183,1,1
0,0.53,8.67,0.28,2.0,5.13,91.0,9.68,18.14,69.8,81,67,1,2
0,0.08,8.28,3.7,1.0,2.44,117.0,23.23,21.11,86.98,119,202,1,2
1,0.03,9.92,0.41,4.0,2.96,74.0,5.99,10.62,61.53,138,159,3,2
0,,4.65,3.09,3.0,6.11,142.0,13.79,16.22,95.49,70,57,3,2
1,0.85,9.26,4.28,0.0,6.72,190.0,21.6,8.0,122.11,28,55,1,3
0,0.72,0.53,0.02,1.0,6.5,,6.45,10.17,33.56,116,123,1,3
1,0.25,1.09,1.02,7.0,3.85,,13.09,7.79,79.89,193,173,1,2
0,0.18,3.01,2.5,5.0,3.1,46.0,12.77,15.8,51.43,149,57,1,3
1,0.07,6.8,2.45,5.0,2.93,125.0,5.18,6.05,85.71,141,162,2,2
1,0.35,8.29,1.06,1.0,,198.0,9.75,10.59,120.79,66,20,1,3
1,0.77,6.65,1.37,4.0,5.99,75.0,15.17,6.22,58.71,33,89,1,2
1,0.12,8.11,3.29,0.0,3.29,190.0,14.06,12.67,119.52,125,26,2,3
0,0.55,3.96,1.5,6.0,5.52,171.0,8.04,15.85,112.83,187,153,2,1
0,0.13,6.96,2.06,6.0,2.98,201.0,23.39,12.36,128.52,59,87,2,3
0,0.73,6.0,2.73,2.0,,110.0,10.93,22.72,83.59,127,67,1,3
1,0.12,9.52,0.82,2.0,3.19,96.0,7.58,20.34,77.71,178,152,2,2
1,0.91,8.4,2.24,2.0,6.83,178.0,15.11,16.9,110.26,125,150,2,3
0,,1.68,0.63,3.0,4.77,,17.04,15.45,98.11,118,18,2,3
0,0.69,5.27,4.21,4.0,6.04,195.0,5.11,22.99,126.36,131,204,1,2
0,0.63,9.2,4.98,1.0,6.1,142.0,23.12,12.23,97.43,168,114,2,2
1,0.72,9.77,1.66,3.0,6.41,155.0,10.38,18.05,100.09,138,21,3,3
1,0.32,0.08,1.12,1.0,3.62,158.0,13.99,10.91,103.6,41,60,2,3
1,0.84,7.21,0.69,3.0,6.54,134.0,19.52,20.81,96.08,107,154,2,3
1,0.13,3.05,1.93,5.0,3.53,193.0,8.66,14.01,117.34,186,88,2,2
1,0.22,8.06,2.34,3.0,3.61,63.0,8.4,16.36,57.54,177,155,2,2
0,0.78,0.41,0.11,3.0,5.99,179.0,17.02,6.87,116.12,202,127,1,2
0,0.46,0.72,3.35,2.0,5.3,,23.6,21.13,38.55,190,148,2,1
1,0.24,4.22,0.63,5.0,3.91,95.0,13.72,12.1,69.3,208,201,2,3
0,0.68,1.67,0.75,5.0,6.13,73.0,10.49,7.73,57.73,90,82,1,2
1,0.99,6.47,0.58,2.0,7.14,91.0,14.56,23.16,68.29,78,176,3,2
0,0.67,7.77,0.17,0.0,6.31,156.0,17.22,7.7,105.38,13,34,2,3
1,0.2,0.89,0.12,3.0,3.18,74.0,21.74,19.4,59.92,31,206,1,2
1,0.89,2.55,1.54,3.0,6.63,193.0,14.71,12.64,116.54,41,185,2,2
0,0.93,2.47,4.25,1.0,7.54,50.0,7.06,17.51,48.19,17,128,1,3
0,0.93,2.58,1.27,6.0,6.68,48.0,14.67,7.25,45.85,50,141,1,2
1,0.86,3.57,1.08,1.0,6.87,175.0,7.76,18.17,111.91,189,136,3,2
0,0.99,6.04,4.21,7.0,7.48,46.0,18.46,21.08,52.22,95,93,1,2
0,1.0,8.47,3.67,4.0,7.28,,11.25,20.99,53.8,148,130,1,3
1,0.48,1.27,4.76,0.0,5.18,39.0,10.3,14.32,39.6,160,204,1,3
1,0.59,5.6,0.08,1.0,5.32,101.0,14.45,8.29,79.75,20,207,3,2
1,0.2,4.14,1.22,7.0,3.95,144.0,10.68,7.12,94.38,129,151,1,3
0,0.44,2.62,,5.0,4.22,158.0,17.29,13.27,99.89,180,170,1,1
1,0.36,3.57,3.22,7.0,4.48,202.0,10.21,6.62,127.84,202,23,2,1
1,0.44,3.23,3.76,3.0,4.66,61.0,5.8,9.78,60.15,206,124,3,2
0,0.97,5.24,4.13,5.0,7.57,168.0,24.45,10.44,104.67,86,174,3,3
0,0.16,2.82,1.82,7.0,2.95,,19.85,6.95,87.2,44,40,3,3
0,0.25,3.68,1.54,7.0,3.78,,19.07,10.17,113.59,33,140,2,2
0,0.66,7.56,4.74,5.0,5.39,,15.04,22.02,37.27,119,46,1,2
0,0.75,4.38,0.94,7.0,6.38,101.0,19.42,13.53,74.81,11,143,1,3
0,0.39,2.83,1.82,4.0,4.23,189.0,18.57,11.01,121.24,66,91,2,2
1,0.64,2.56,4.3,0.0,5.66,179.0,22.92,8.18,109.81,192,196,2,3
1,0.03,3.08,1.28,6.0,2.42,,7.7,9.27,75.02,46,171,1,2
0,0.96,6.79,4.8,0.0,7.12,26.0,12.23,13.6,37.23,118,84,1,3
1,0.74,0.82,0.11,5.0,5.72,89.0,23.87,17.68,69.54,192,63,2,2
0,0.72,2.94,4.5,3.0,5.96,52.0,7.45,9.9,47.89,93,131,2,2
1,0.27,6.06,2.02,0.0,3.86,190.0,13.16,8.03,120.14,108,145,2,3
1,0.71,9.74,0.8,5.0,6.27,172.0,5.18,12.31,110.21,153,172,2,2
0,0.09,1.46,4.5,3.0,2.83,36.0,21.58,18.81,46.51,120,188,3,1
0,0.69,0.17,4.36,2.0,6.16,147.0,12.64,23.33,100.45,141,95,3,2
1,0.94,3.14,1.07,2.0,7.39,,12.38,16.77,62.76,125,184,2,2
0,0.82,1.82,2.04,1.0,6.4,71.0,14.32,23.36,64.72,209,191,1,3
0,0.27,0.57,3.05,6.0,3.54,94.0,19.45,11.93,69.22,83,48,1,2
0,0.25,1.79,0.56,0.0,4.04,180.0,7.68,23.57,116.27,41,135,1,2
1,0.2,0.34,0.53,1.0,3.5,42.0,14.1,24.96,45.98,110,173,3,2
1,0.61,1.88,0.87,0.0,5.58,139.0,20.15,18.99,95.17,203,67,3,2
0,0.02,0.18,1.39,0.0,2.41,198.0,23.61,23.11,124.82,46,176,1,2
0,0.22,1.46,0.28,2.0,3.45,79.0,19.22,19.72,67.27,111,56,1,2
0,0.83,1.79,4.53,6.0,6.87,37.0,13.59,20.24,47.5,172,101,1,2
0,0.13,3.05,2.77,3.0,2.7,128.0,11.81,24.47,92.76,158,117,1,3
0,0.01,7.44,3.9,4.0,2.51,154.0,12.73,13.98,102.52,128,61,1,1
0,0.57,4.37,4.95,1.0,4.93,175.0,19.53,20.72,114.21,190,145,3,3
0,0.44,3.86,2.04,7.0,4.34,24.0,16.99,10.33,32.61,167,67,2,1
0,0.98,7.81,,3.0,7.16,199.0,12.12,23.4,122.19,197,58,1,3
0,0.23,7.72,4.01,7.0,3.83,51.0,12.51,10.23,50.03,109,43,2,1
0,0.68,9.9,3.73,0.0,5.58,149.0,11.6,21.9,103.26,61,122,1,1
0,0.37,7.21,0.37,7.0,,124.0,22.86,16.42,86.6,102,14,3,3
1,0.0,3.9,3.0,2.0,2.12,98.0,9.03,16.34,78.3,101,52,1,2
0,0.82,8.18,4.23,5.0,6.26,,20.37,5.87,57.02,171,154,1,3
0,0.11,3.16,0.77,7.0,3.29,27.0,22.52,11.25,39.27,34,121,1,2
1,0.67,7.34,0.67,3.0,5.74,122.0,18.19,20.19,86.21,78,158,2,2
0,0.68,9.16,2.85,5.0,6.01,150.0,18.9,20.99,102.51,106,161,1,2
0,0.37,9.36,2.42,3.0,4.29,13.0,15.1,17.38,31.39,81,183,2,1
0,0.93,6.83,0.93,7.0,6.93,,11.3,5.54,84.98,173,81,1,1
0,0.61,4.92,3.2,6.0,5.35,32.0,15.22,22.53,44.73,66,149,1,1
0,0.62,7.98,3.24,0.0,5.18,60.0,17.82,24.04,56.23,185,157,1,2
0,1.0,6.0,3.52,3.0,7.81,198.0,18.0,11.12,120.74,198,117,2,2
1,0.01,0.64,0.68,0.0,2.69,23.0,20.12,12.68,38.97,56,152,3,2
0,0.89,8.25,1.62,3.0,6.54,184.0,15.02,7.58,114.88,52,190,1,2
1,0.17,6.61,0.86,3.0,3.34,142.0,21.58,10.52,94.1,154,142,2,2
1,0.42,4.54,1.28,2.0,4.64,87.0,15.11,9.36,72.31,126,168,3,2
0,0.94,4.54,2.69,7.0,7.38,77.0,19.13,11.44,58.98,165,84,1,1
1,0.6,6.05,0.65,2.0,5.93,41.0,10.72,6.71,42.7,135,136,3,2
0,0.72,5.31,4.65,5.0,6.38,,14.33,9.79,42.78,58,72,2,1
1,0.94,1.5,1.32,5.0,7.45,99.0,10.4,23.85,76.08,122,126,2,1
0,0.08,4.16,3.66,3.0,2.45,108.0,24.89,17.98,81.17,116,57,1,1
0,0.76,7.99,4.47,7.0,6.45,28.0,17.13,14.85,34.1,39,143,1,2
0,0.04,2.64,2.36,2.0,2.59,56.0,17.76,17.63,51.1,152,77,1,2
1,0.69,9.79,0.36,6.0,6.12,11.0,5.63,14.5,34.32,49,144,1,3
0,0.14,9.47,1.57,7.0,2.98,196.0,18.19,7.16,127.78,77,170,1,1
0,0.12,6.87,4.77,6.0,2.73,143.0,17.71,24.85,99.98,44,57,3,3
0,0.56,2.07,0.98,5.0,5.17,90.0,20.15,14.26,65.62,19,114,1,2
0,0.93,3.91,1.28,7.0,7.01,40.0,19.11,16.05,46.47,20,207,1,2
0,0.24,2.61,2.4,3.0,3.63,164.0,18.48,13.9,111.0,182,134,1,3
0,,4.67,1.49,7.0,4.15,166.0,17.78,9.6,108.41,157,35,3,3
0,0.56,9.15,1.92,0.0,4.83,,22.04,20.14,126.01,24,103,1,2
1,0.92,3.78,4.19,2.0,6.8,,16.38,23.21,106.17,157,122,2,2
0,0.08,2.44,,5.0,2.89,15.0,18.68,18.06,35.22,83,10,3,2
1,0.44,1.1,0.55,1.0,5.18,,22.25,17.38,56.73,58,178,1,1
1,0.97,2.81,4.44,,7.75,181.0,22.66,21.89,111.07,126,162,2,2
0,0.5,1.61,0.08,0.0,5.27,124.0,23.61,21.95,90.12,76,77,1,2
0,0.63,9.37,3.89,2.0,5.35,170.0,10.47,24.63,113.79,108,136,2,2
1,0.04,9.85,2.52,1.0,2.46,82.0,9.48,7.92,66.96,84,19,1,2
1,0.34,8.53,4.98,0.0,4.54,,21.97,9.18,70.91,191,93,2,2
1,0.94,5.05,0.59,2.0,7.44,187.0,18.78,24.82,119.34,146,97,2,2
1,0.88,5.6,2.75,7.0,6.43,198.0,6.34,12.21,121.09,208,52,2,1
1,0.89,8.58,4.55,0.0,7.15,130.0,23.62,20.4,87.74,23,135,2,3
0,0.81,3.93,1.53,7.0,6.37,186.0,15.67,7.58,116.94,54,150,1,2
1,0.63,2.26,0.7,0.0,6.01,128.0,6.31,16.25,90.04,12,174,3,2
0,0.49,2.87,3.54,4.0,5.32,115.0,7.72,20.42,79.92,173,200,2,2
1,,1.81,0.59,5.0,5.44,31.0,7.9,9.69,36.89,133,88,2,2
1,0.15,5.36,3.78,3.0,3.47,89.0,8.05,14.25,69.24,27,35,3,3
0,0.29,7.04,1.88,3.0,3.58,113.0,17.01,23.06,82.44,84,200,1,2
1,0.55,6.17,3.58,1.0,5.69,,21.6,9.0,57.64,22,91,1,2
1,0.9,1.1,4.88,6.0,6.98,141.0,17.38,21.89,100.38,193,70,2,3
0,0.05,3.71,3.79,7.0,2.26,14.0,5.27,17.05,31.53,104,10,1,2
1,0.67,8.57,0.87,4.0,5.6,36.0,22.92,14.17,39.45,123,75,2,2
1,0.0,4.88,0.8,1.0,2.44,,13.82,11.58,82.23,86,25,1,3
1,0.55,5.96,4.82,1.0,5.11,70.0,6.99,15.9,55.38,24,142,1,2
1,0.61,8.79,4.92,4.0,5.52,204.0,8.4,13.98,131.11,184,140,1,1
1,0.99,3.84,1.24,2.0,7.27,,21.57,24.09,46.72,33,10,2,2
1,0.98,9.67,1.84,5.0,7.32,67.0,6.89,15.07,59.49,147,167,2,2
0,0.23,4.63,2.89,2.0,3.42,170.0,18.16,17.58,114.76,77,170,2,2
1,0.9,1.35,0.95,3.0,6.73,117.0,6.86,20.36,88.02,101,206,3,2
0,0.42,1.66,3.23,5.0,4.83,27.0,17.69,15.99,33.73,55,175,1,3
1,0.58,9.3,1.35,3.0,,190.0,10.27,9.05,122.18,128,140,1,2
1,0.66,7.9,0.09,2.0,6.09,105.0,24.58,12.91,74.58,174,64,1,2
0,0.22,2.34,0.12,0.0,,111.0,5.68,24.84,83.33,51,116,1,3
1,0.55,8.24,3.94,2.0,5.35,178.0,6.24,17.4,112.79,76,115,2,2
0,1.0,2.99,2.01,4.0,7.07,80.0,20.15,9.56,69.9,62,88,1,2
1,0.23,7.18,1.36,0.0,3.82,124.0,23.27,6.27,88.77,27,125,2,3
0,0.5,5.73,2.72,1.0,5.3,55.0,22.02,14.85,48.42,71,175,1,2
0,0.79,4.82,4.87,4.0,6.51,199.0,19.86,23.28,126.1,74,163,1,2
0,0.99,7.81,2.39,2.0,7.49,144.0,19.58,9.47,92.73,98,136,3,3
1,0.47,3.05,0.19,7.0,4.44,163.0,13.74,6.62,102.59,53,178,1,3
0,0.38,5.76,3.3,6.0,4.18,82.0,21.93,8.01,66.85,146,27,2,2
0,0.78,7.94,4.24,5.0,6.54,92.0,10.26,13.22,72.34,205,21,1,2
0,0.16,4.17,2.58,4.0,3.27,150.0,23.4,19.18,96.4,125,66,3,2
0,0.87,8.87,1.94,5.0,6.96,205.0,17.02,23.76,127.12,37,193,1,3
0,0.19,9.26,2.47,4.0,3.01,195.0,19.01,13.44,122.58,194,97,1,2
0,0.89,9.02,4.7,4.0,7.26,58.0,13.92,20.53,55.86,13,64,1,3
0,0.41,8.31,2.9,1.0,4.56,141.0,14.7,18.08,99.62,97,24,2,1
1,0.09,5.68,2.55,6.0,3.38,,12.14,6.0,68.28,182,173,3,2
0,0.93,6.98,3.43,5.0,7.38,190.0,23.44,13.0,122.26,134,182,1,3
1,0.17,1.75,2.01,7.0,3.03,151.0,14.42,5.58,97.25,156,178,2,2
0,0.79,7.55,1.5,6.0,6.55,201.0,7.68,8.32,128.87,160,93,2,1
1,0.84,3.92,1.2,2.0,6.84,146.0,17.15,7.72,93.96,38,159,2,1
0,0.92,2.23,1.55,5.0,6.65,193.0,20.07,19.33,118.26,167,110,1,2
0,0.72,4.29,1.64,2.0,6.59,94.0,15.8,20.76,70.67,60,95,1,2
1,0.41,9.28,4.08,1.0,4.89,65.0,6.49,17.14,60.14,25,180,3,3
0,0.06,1.2,2.66,4.0,2.43,65.0,21.62,8.47,56.88,41,50,2,2
1,0.57,2.41,1.1,4.0,5.37,79.0,6.16,8.85,66.48,68,143,1,3
0,0.49,9.94,3.58,0.0,4.93,144.0,15.21,22.24,92.86,174,145,2,3
0,0.07,1.45,4.16,5.0,2.46,170.0,14.85,18.82,108.46,150,84,3,1
1,0.5,4.22,0.76,3.0,5.0,49.0,12.12,10.99,52.3,106,105,2,2
0,0.83,5.2,0.94,7.0,6.61,66.0,12.61,14.12,55.1,14,97,1,2
1,0.57,5.22,1.13,3.0,5.63,133.0,14.23,9.7,92.55,124,42,1,3
1,0.26,3.8,0.73,5.0,4.26,64.0,20.0,16.58,61.01,11,192,3,2
0,0.64,6.81,0.0,6.0,6.02,87.0,9.8,18.98,69.22,111,47,1,1
1,0.04,0.66,0.42,3.0,2.27,185.0,24.61,5.64,115.87,39,132,2,1
1,0.13,9.49,0.32,5.0,2.81,175.0,20.71,11.91,116.26,116,164,3,2
1,0.2,4.33,1.84,3.0,3.34,163.0,5.44,17.46,110.89,62,123,1,2
0,0.74,5.33,2.9,2.0,5.85,122.0,18.97,18.56,83.03,132,174,1,2
1,,5.12,4.7,4.0,3.75,194.0,12.2,6.01,122.89,165,160,1,2
0,0.7,5.27,0.04,4.0,6.0,179.0,15.36,12.18,117.23,76,24,3,1
1,0.58,1.66,0.82,6.0,5.15,165.0,16.04,13.07,104.77,189,121,3,3
0,0.76,4.92,0.19,2.0,5.83,175.0,6.29,9.23,115.31,64,70,3,2
0,0.49,0.69,3.56,7.0,5.38,123.0,21.78,23.86,82.92,49,114,3,3
0,0.93,8.14,0.58,1.0,6.66,133.0,7.28,24.05,94.81,115,96,1,2
0,0.14,8.12,2.14,0.0,3.4,34.0,15.84,22.47,41.07,143,139,2,2
1,0.02,7.98,1.37,0.0,2.2,129.0,14.05,11.91,89.78,185,195,1,1
1,0.54,7.56,0.69,5.0,5.47,119.0,11.1,21.67,88.34,156,21,1,2
0,0.78,1.36,2.93,3.0,6.06,22.0,16.44,17.78,35.95,166,149,1,3
1,0.13,1.24,4.04,5.0,2.93,121.0,5.91,6.9,83.21,108,207,2,2
1,0.08,0.1,1.6,7.0,3.27,183.0,6.78,6.6,118.15,33,84,1,3
1,0.56,1.37,0.4,6.0,5.69,190.0,17.0,24.28,123.79,177,47,2,1
0,0.12,1.53,4.99,7.0,3.45,110.0,19.79,14.59,80.62,73,155,3,1
0,0.2,0.81,2.54,4.0,3.18,74.0,22.0,13.25,59.18,203,180,1,3
1,0.82,6.15,4.85,1.0,6.99,22.0,17.87,19.27,32.26,135,134,2,2
0,0.96,7.14,3.77,6.0,7.72,96.0,20.32,6.28,70.86,64,80,1,3
0,0.82,9.29,4.2,2.0,6.86,85.0,12.86,14.15,67.37,36,169,1,2
0,0.84,8.45,2.24,3.0,6.99,205.0,12.22,11.57,132.27,183,147,1,1
1,0.57,4.49,0.99,0.0,5.05,200.0,24.9,23.01,126.65,146,53,1,2
1,0.43,9.54,0.26,1.0,5.03,75.0,14.95,19.7,63.85,152,104,2,1
0,0.88,6.51,3.88,1.0,6.81,16.0,10.16,12.93,35.65,135,199,1,2
0,0.77,6.04,4.33,6.0,6.69,103.0,17.13,7.08,78.24,124,51,2,1
0,0.22,2.94,4.47,,3.44,174.0,20.04,24.54,108.6,72,76,2,3
0,0.37,8.16,2.57,0.0,3.92,118.0,17.62,24.66,79.71,123,182,1,3
1,0.29,9.16,3.37,2.0,4.31,132.0,6.87,8.62,87.69,151,132,1,2
1,0.32,0.8,0.71,3.0,4.19,152.0,13.07,6.54,100.86,126,70,2,1
0,0.6,0.63,3.61,4.0,5.6,130.0,21.11,20.7,88.96,123,208,2,2
1,0.21,8.2,4.01,0.0,3.73,51.0,14.88,16.99,50.02,68,57,1,3
0,0.09,7.14,4.3,5.0,3.44,109.0,19.64,17.95,83.18,118,131,1,1
0,0.27,6.81,3.99,5.0,4.29,126.0,19.76,15.3,92.79,203,107,2,2
0,0.84,9.8,1.1,2.0,6.79,20.0,9.26,19.7,34.64,20,30,1,2
1,0.57,6.32,3.94,0.0,5.43,92.0,5.4,5.18,69.55,182,130,1,2
0,0.88,0.89,3.6,6.0,6.58,197.0,19.29,20.4,128.39,76,70,1,3
1,0.42,1.92,0.38,6.0,4.88,74.0,11.48,6.8,62.92,132,168,1,2
1,0.29,2.87,0.5,3.0,3.77,165.0,8.76,10.27,107.92,162,172,3,3
0,0.97,6.22,0.74,7.0,6.95,153.0,10.55,18.67,102.18,204,195,1,2
1,0.83,9.85,0.78,5.0,6.18,108.0,15.99,16.37,79.43,143,121,3,2
1,0.67,8.19,1.96,3.0,5.35,109.0,9.83,14.88,74.99,11,164,1,2
1,0.69,0.36,1.12,2.0,6.03,65.0,5.18,20.75,59.14,84,132,2,2
0,0.07,5.57,2.87,4.0,2.96,88.0,9.42,15.88,73.36,111,48,2,3
1,0.37,9.65,4.75,2.0,3.9,95.0,16.3,11.08,71.0,64,191,2,2
0,0.1,3.43,4.65,6.0,3.42,152.0,22.41,9.88,97.22,196,13,3,1
0,0.92,3.67,3.81,5.0,6.71,27.0,22.84,22.64,34.77,135,206,1,1
0,0.67,7.26,3.7,6.0,5.8,55.0,19.82,8.6,52.49,185,158,2,3
1,0.06,7.11,0.67,1.0,3.04,27.0,20.37,24.77,39.34,125,20,1,2
0,0.5,1.62,3.48,2.0,5.3,,6.83,20.79,111.89,96,186,1,3
1,0.19,9.28,3.2,2.0,3.04,105.0,17.85,10.12,79.99,19,188,2,2
1,0.15,8.73,3.01,0.0,3.47,32.0,10.19,20.34,43.06,125,175,2,2
0,0.78,3.2,1.56,7.0,6.64,,17.75,13.55,130.42,87,79,1,1
1,0.5,2.57,4.21,1.0,5.03,169.0,5.96,11.5,107.93,117,31,1,3
0,0.9,6.86,2.95,1.0,6.62,116.0,5.88,16.19,82.16,177,125,1,1
0,0.83,7.17,0.76,2.0,6.4,193.0,11.35,24.14,125.78,209,51,1,3
1,0.86,2.48,0.99,3.0,7.22,153.0,17.19,22.23,103.6,111,43,3,3
1,0.22,3.89,0.82,4.0,3.39,25.0,14.7,5.33,39.63,203,160,1,2
1,0.67,2.28,1.94,6.0,6.32,83.0,6.03,12.22,61.6,186,202,1,2
0,0.35,8.0,3.02,4.0,4.37,175.0,20.09,21.01,111.81,202,66,3,1
0,0.44,0.47,0.56,1.0,5.1,,20.6,10.98,118.67,28,105,1,3
1,0.02,9.19,2.17,4.0,2.42,68.0,5.08,14.89,62.02,91,124,2,2
1,0.65,1.29,4.37,2.0,5.56,160.0,7.3,10.33,100.24,63,168,1,2
1,,2.99,2.22,1.0,5.66,128.0,8.24,12.58,93.78,147,122,1,2
0,0.3,5.55,4.39,3.0,3.75,162.0,19.15,18.03,109.39,39,15,3,2
0,0.18,4.49,1.38,1.0,3.66,,18.7,15.72,80.34,53,11,3,1
0,0.81,0.32,3.48,2.0,6.61,32.0,13.63,10.26,36.09,179,71,2,2
1,0.55,6.55,2.54,0.0,4.96,126.0,16.64,8.88,90.5,118,90,1,2
1,0.86,3.88,2.02,7.0,,22.0,15.8,18.52,32.78,149,102,3,2
0,0.68,5.46,2.1,1.0,6.12,148.0,16.68,24.96,96.07,115,113,1,3
0,0.35,3.85,4.41,7.0,4.47,97.0,19.02,5.02,75.51,89,49,3,3
1,0.41,4.02,0.69,6.0,4.77,,17.78,20.29,81.7,195,122,2,2
1,0.11,2.27,1.71,0.0,3.24,,16.82,6.27,103.23,68,38,1,3
1,0.57,1.48,4.98,4.0,5.3,48.0,7.62,10.71,53.72,129,157,3,1
0,0.91,2.8,0.79,7.0,7.06,83.0,9.49,9.65,70.22,131,11,2,3
0,0.23,6.19,3.79,6.0,4.12,191.0,7.99,20.92,120.84,107,110,1,2
0,0.75,1.52,0.95,3.0,6.68,51.0,13.15,7.62,47.28,169,76,1,3
1,0.86,9.18,4.28,7.0,6.84,,10.47,21.02,117.46,44,199,2,2
0,0.63,9.1,2.35,7.0,5.58,168.0,10.31,12.91,108.32,195,68,1,2
0,0.79,0.86,0.18,7.0,6.29,172.0,14.41,19.47,113.73,135,128,1,3
0,0.79,2.12,1.62,7.0,6.2,168.0,13.19,19.9,107.08,173,207,1,1
0,0.47,4.88,2.97,1.0,5.19,109.0,17.82,15.12,83.47,67,135,2,1
0,0.78,2.89,0.77,3.0,6.73,69.0,11.5,6.39,61.35,48,43,2,1
0,0.68,1.64,3.96,7.0,6.4,56.0,6.07,17.23,49.72,49,130,1,1
1,0.39,8.17,,2.0,4.65,68.0,21.48,6.67,60.14,40,97,1,2
0,0.95,3.39,3.97,2.0,6.81,126.0,7.49,14.9,83.59,115,15,1,2
1,0.34,5.24,0.62,4.0,4.63,70.0,9.66,22.52,59.94,124,130,3,1
0,,0.67,4.98,6.0,3.64,123.0,19.9,9.78,83.97,32,204,3,2
1,0.83,4.62,2.39,3.0,6.94,125.0,11.17,15.62,85.51,111,178,2,3
0,0.32,9.6,,1.0,4.51,67.0,21.97,17.13,60.79,157,129,2,2
1,0.92,7.17,0.95,5.0,6.66,34.0,7.73,11.2,41.88,20,29,1,3
1,0.23,5.82,0.22,7.0,3.68,135.0,7.55,20.18,90.19,174,196,1,1
1,0.03,3.78,4.39,4.0,2.46,160.0,15.63,7.48,106.14,204,45,1,3
0,0.67,2.82,2.04,0.0,5.73,158.0,13.56,20.97,106.09,13,14,1,3
1,0.4,2.67,0.22,3.0,4.56,59.0,17.93,21.36,52.45,179,76,1,1
1,0.13,5.51,1.89,3.0,3.63,83.0,11.59,9.82,66.59,65,119,1,3
0,0.05,9.72,1.13,7.0,2.49,18.0,6.75,21.46,36.73,146,199,2,3
1,0.13,5.04,3.78,2.0,3.53,135.0,6.02,13.59,91.83,79,111,1,2
0,0.35,6.23,0.78,1.0,4.16,165.0,17.23,17.14,102.59,15,37,2,3
1,0.84,2.48,0.65,0.0,6.45,94.0,16.26,18.27,75.33,64,123,2,2
1,0.61,4.89,3.53,3.0,5.49,182.0,6.04,7.4,115.54,172,43,3,2
1,0.09,5.14,3.86,0.0,2.6,185.0,19.16,13.67,115.26,159,170,1,3
0,,6.51,,3.0,4.86,163.0,12.01,24.04,109.77,156,48,1,3
1,0.37,1.71,2.78,2.0,3.92,139.0,9.7,7.54,90.11,35,25,1,2
0,0.92,9.32,0.2,6.0,7.17,,8.34,8.0,29.36,182,143,1,2
1,,2.77,0.39,1.0,5.51,172.0,17.66,7.04,109.29,103,118,3,3
0,0.85,2.84,3.56,5.0,6.92,22.0,16.26,17.23,39.39,94,122,1,1
1,0.28,4.84,0.03,4.0,4.07,18.0,13.27,24.11,31.65,201,194,1,3
1,0.89,2.35,0.47,2.0,6.82,15.0,24.02,23.24,36.26,102,75,2,1
0,0.3,1.27,4.0,7.0,4.38,40.0,18.13,15.33,47.04,43,162,1,2
0,0.13,1.37,4.82,3.0,3.23,,11.32,19.24,95.83,30,207,1,2
0,0.84,4.15,2.07,2.0,6.49,120.0,10.31,9.32,89.78,116,54,1,3
0,0.8,8.26,4.52,7.0,6.99,70.0,21.55,22.44,60.16,32,182,1,2
1,0.94,4.67,4.37,4.0,7.66,196.0,23.67,13.05,127.44,149,31,2,3
1,0.07,5.93,0.27,5.0,2.74,103.0,12.7,17.8,76.93,138,170,3,3
1,0.49,0.09,0.5,1.0,5.36,150.0,24.32,7.77,95.63,63,140,2,3
1,0.14,0.95,2.8,3.0,2.96,162.0,6.87,5.5,109.04,25,193,1,1
0,0.9,9.32,4.33,7.0,6.6,81.0,22.59,6.71,61.66,150,88,2,2
1,0.21,4.82,2.4,3.0,3.62,101.0,14.78,11.31,73.69,127,80,1,3
1,0.55,8.97,0.03,7.0,5.65,128.0,9.04,13.46,93.51,32,150,1,2
0,0.72,7.6,4.4,6.0,6.52,,14.57,11.32,88.9,91,63,1,2
0,0.4,2.05,3.33,3.0,4.37,136.0,12.68,19.16,96.16,191,65,2,2
1,0.31,9.28,3.26,1.0,3.67,162.0,12.82,12.26,103.29,15,12,2,2
1,0.43,2.51,0.86,3.0,4.61,69.0,18.67,8.55,56.76,156,25,1,3
1,0.94,7.11,1.97,6.0,7.26,192.0,8.8,19.84,116.38,209,166,3,1
1,0.07,5.42,2.52,4.0,2.87,119.0,12.07,10.84,82.96,141,82,3,2
0,0.23,8.57,4.89,2.0,3.22,120.0,9.0,24.42,89.7,41,129,1,2
0,0.64,9.79,2.2,6.0,5.6,156.0,7.33,16.84,105.09,139,120,1,1
1,,9.16,2.46,3.0,4.27,111.0,11.57,12.78,81.72,44,57,1,1
1,0.21,4.92,2.8,4.0,3.66,96.0,21.07,7.51,72.95,201,132,1,2
0,0.12,4.72,1.95,5.0,2.7,204.0,23.62,9.28,129.41,154,51,1,2
0,0.53,6.39,3.93,,5.13,101.0,24.9,13.0,72.36,18,70,1,2
0,0.69,3.43,1.44,1.0,6.27,27.0,16.73,16.52,42.03,124,201,3,3
0,0.48,2.0,1.01,2.0,4.92,68.0,20.89,14.77,58.39,75,71,1,2
1,0.74,5.98,3.1,3.0,5.77,155.0,20.1,20.33,102.75,178,122,2,2
0,0.0,3.78,4.03,7.0,2.26,145.0,17.88,10.41,96.9,201,136,1,2
1,0.09,5.94,0.38,7.0,3.3,38.0,18.27,7.86,42.33,19,100,1,1
0,0.93,1.69,2.58,5.0,7.33,134.0,5.12,15.12,92.46,124,59,1,2
0,0.72,5.73,4.46,,6.33,130.0,21.56,21.67,94.13,11,104,1,1
1,0.02,1.49,0.85,1.0,2.68,71.0,19.27,8.06,62.14,121,83,2,2
0,0.93,5.71,1.68,5.0,7.38,109.0,13.52,9.43,77.25,119,199,1,3
0,0.1,5.77,0.61,4.0,3.46,166.0,17.87,7.08,104.41,52,12,1,3
1,,2.78,4.73,6.0,2.98,,5.41,7.59,73.35,190,64,1,2
0,0.54,7.19,2.05,6.0,4.87,97.0,13.63,20.57,76.4,194,110,2,2
0,0.19,3.74,2.47,5.0,3.68,118.0,10.34,22.4,83.02,123,59,2,3
1,0.1,3.66,1.49,2.0,2.57,160.0,7.62,6.85,102.45,155,195,1,2
1,0.6,5.09,4.14,3.0,5.68,19.0,11.42,5.9,29.9,206,93,3,3
0,0.63,0.47,0.25,3.0,5.72,,12.18,12.92,127.82,29,42,2,1
0,0.9,2.84,1.28,1.0,6.8,25.0,11.53,12.93,33.17,26,134,1,3
1,0.32,0.53,2.47,3.0,3.67,,5.57,13.3,31.5,198,63,3,2
0,0.37,7.17,4.75,4.0,4.24,170.0,7.01,18.16,113.61,19,166,1,2
1,0.94,5.31,4.11,5.0,7.55,54.0,13.55,19.17,54.78,173,20,2,2
1,0.84,0.16,1.6,2.0,6.77,64.0,20.36,18.47,55.39,139,62,2,2
0,0.46,9.69,4.2,5.0,4.91,173.0,21.01,21.84,107.89,204,118,2,2
1,0.21,0.31,1.76,,3.79,141.0,13.87,8.09,91.13,132,94,1,2
0,0.35,4.54,0.97,4.0,3.9,75.0,7.87,5.58,66.52,113,58,1,3
0,0.77,4.9,4.93,0.0,6.39,112.0,24.67,19.99,79.25,17,124,1,1
0,0.03,9.43,1.62,5.0,3.13,21.0,12.65,20.14,33.52,157,71,1,2
0,0.6,9.67,2.15,5.0,5.36,196.0,16.87,9.67,118.52,203,168,2,2
1,0.1,5.84,1.17,1.0,3.0,153.0,7.68,18.78,102.22,177,90,2,1
0,0.76,3.28,1.84,1.0,5.87,60.0,8.51,15.11,58.95,65,193,1,2
0,0.72,1.04,0.28,4.0,5.94,157.0,5.36,10.42,103.05,202,120,1,3
1,0.15,3.29,2.56,3.0,2.86,16.0,5.55,5.17,36.05,15,108,3,2
0,0.55,1.42,1.08,5.0,4.88,64.0,14.4,13.74,53.23,183,146,2,3
1,0.87,5.91,1.03,2.0,,83.0,19.15,14.69,70.88,122,151,2,3
1,0.2,9.0,1.71,5.0,3.26,82.0,10.26,10.22,70.18,90,62,2,2
1,0.96,2.66,0.98,2.0,7.77,,9.11,21.81,85.99,51,26,3,2
0,0.42,3.37,1.59,4.0,4.91,39.0,9.58,23.85,39.9,135,135,1,3
1,,2.27,1.44,2.0,3.62,48.0,25.0,8.04,44.29,98,91,1,1
0,0.86,5.04,3.49,7.0,6.46,,15.48,22.07,39.09,136,168,1,3
1,0.26,9.68,2.36,7.0,3.77,75.0,8.3,8.69,65.49,100,180,2,3
0,0.47,3.45,3.31,0.0,4.98,62.0,16.18,21.55,60.49,154,80,2,3
1,0.53,1.4,3.07,1.0,5.55,204.0,5.03,20.4,128.76,200,178,2,3
0,0.74,0.11,0.96,7.0,6.09,131.0,20.68,24.34,89.41,111,190,1,3
1,0.38,3.76,1.02,1.0,4.84,50.0,7.26,8.14,48.05,92,49,1,2
0,0.6,9.89,0.64,1.0,5.99,63.0,8.28,9.49,53.58,87,70,1,1
0,0.28,7.83,1.36,7.0,3.73,169.0,8.35,17.43,110.05,39,171,1,3
0,0.77,8.02,3.77,0.0,6.09,116.0,6.02,14.34,82.86,80,74,1,2
0,0.52,6.93,4.0,3.0,5.19,162.0,11.86,20.73,110.97,112,120,1,3
1,0.16,0.57,0.85,1.0,3.39,113.0,23.03,17.99,80.43,191,63,1,2
1,0.9,2.44,3.52,0.0,7.37,82.0,10.17,22.51,63.0,67,153,2,3
1,0.54,2.37,0.2,0.0,5.16,114.0,13.51,22.2,86.54,127,65,1,2
1,0.27,1.28,3.24,2.0,4.28,163.0,7.1,17.53,109.12,206,62,2,3
0,0.44,8.05,0.85,4.0,4.58,65.0,20.52,6.51,53.87,130,21,1,2
0,0.93,0.16,1.52,1.0,6.85,26.0,5.26,19.62,41.58,30,31,1,3
1,0.27,5.26,4.16,5.0,4.05,116.0,8.56,12.65,86.81,31,130,1,2
1,0.02,1.88,3.91,5.0,2.55,197.0,15.33,6.51,121.59,40,209,1,1
0,0.46,3.19,3.86,6.0,4.86,,15.35,11.06,101.84,13,160,2,2
0,0.81,4.66,4.5,4.0,6.63,142.0,21.78,12.28,92.99,24,159,1,2
1,0.6,8.01,3.33,5.0,5.73,38.0,10.88,10.86,39.28,197,136,3,2
0,0.35,9.59,3.75,0.0,4.15,15.0,18.62,17.48,32.2,178,104,1,3
0,0.77,9.83,0.13,4.0,6.75,169.0,24.04,14.65,109.79,80,129,1,1
0,0.73,1.7,1.25,6.0,5.66,104.0,10.67,9.03,79.14,160,204,2,2
0,0.16,9.3,1.27,4.0,3.13,100.0,5.14,21.41,79.42,96,13,2,3
0,0.45,5.73,3.32,5.0,4.93,193.0,7.93,18.57,117.38,23,145,1,2
0,0.05,3.46,2.54,6.0,3.03,127.0,24.96,12.91,84.7,82,178,1,2
0,0.81,0.76,4.34,4.0,6.83,148.0,13.01,22.8,100.74,176,52,1,1
0,0.24,1.97,3.94,5.0,4.17,201.0,15.96,16.75,129.34,195,25,3,2
1,0.7,7.79,2.85,2.0,6.31,24.0,15.04,6.15,39.39,143,24,1,2
0,0.37,4.42,4.3,3.0,4.8,17.0,24.74,21.87,36.3,103,191,2,3
0,0.44,9.61,2.04,3.0,4.98,73.0,14.58,22.7,58.41,142,47,1,2
0,0.13,9.83,3.03,3.0,3.29,39.0,15.44,14.04,44.63,177,87,1,3
0,0.21,2.87,3.7,3.0,3.63,180.0,18.85,24.62,112.41,65,114,2,2
0,0.87,8.29,2.59,6.0,7.22,113.0,16.74,23.97,84.85,23,121,1,3
1,0.99,3.58,2.11,6.0,7.87,133.0,21.54,18.99,95.15,174,36,2,2
1,0.65,5.83,0.6,4.0,5.37,188.0,14.52,5.23,123.18,203,10,1,2
0,0.78,1.85,0.54,2.0,6.85,150.0,18.36,10.24,99.46,142,128,1,2
0,0.93,9.08,0.19,7.0,7.06,,12.07,13.4,55.16,120,38,1,3
1,0.29,2.59,1.86,0.0,3.78,128.0,6.51,8.08,89.41,135,135,3,1
1,0.03,6.52,4.56,2.0,2.38,163.0,11.19,9.38,105.94,34,57,3,2
1,0.59,9.19,4.66,1.0,5.08,,10.28,8.15,105.92,59,55,1,3
1,0.84,3.85,2.48,3.0,6.66,77.0,19.42,23.47,60.65,125,145,3,2
0,0.45,6.07,3.37,7.0,4.91,197.0,17.99,10.32,122.45,127,158,3,3
1,0.03,1.08,3.6,5.0,2.6,,10.44,12.6,114.92,35,25,1,3
0,0.66,6.99,2.04,6.0,6.26,51.0,19.29,16.31,50.55,99,26,1,2
1,0.59,0.85,0.18,6.0,5.21,145.0,12.14,22.82,102.44,98,196,1,2
0,0.44,3.45,2.09,4.0,5.2,52.0,23.41,20.45,55.35,120,32,2,1
1,0.95,0.81,2.86,1.0,6.9,177.0,17.72,14.26,116.98,183,21,2,3
0,0.59,1.92,2.19,4.0,5.77,176.0,24.97,19.18,117.54,89,196,2,3
0,0.74,2.1,4.68,5.0,6.17,158.0,23.54,7.76,105.12,126,46,1,2
1,0.02,3.88,4.18,5.0,2.27,,12.75,10.97,111.03,25,110,3,3
0,0.92,7.91,1.72,3.0,7.21,123.0,9.82,10.43,82.46,94,155,1,1
1,0.57,9.4,1.57,1.0,5.01,121.0,8.66,11.69,83.72,157,12,3,2
0,0.33,6.32,1.68,7.0,4.51,93.0,20.06,21.48,76.44,87,21,1,1
0,0.67,5.33,1.28,6.0,5.8,53.0,16.66,23.55,54.88,140,135,3,3
0,0.03,1.19,2.58,0.0,3.1,27.0,9.26,22.95,33.94,50,34,1,3
0,0.4,6.64,3.27,7.0,4.95,,8.47,18.41,63.74,31,78,3,1
0,0.39,4.78,4.41,3.0,4.59,169.0,20.0,12.51,112.85,34,94,3,2
1,0.54,9.25,2.75,1.0,4.9,104.0,16.21,13.54,75.27,202,43,2,3
1,0.98,1.42,1.48,7.0,7.1,185.0,13.65,15.01,120.76,175,83,2,3
1,0.7,2.72,3.05,1.0,6.16,37.0,10.63,17.5,45.94,93,173,1,2
0,0.22,1.25,0.25,,3.92,90.0,13.84,23.38,73.17,126,14,2,1
0,0.74,2.96,4.52,6.0,6.54,141.0,18.14,24.42,94.46,189,176,1,2
0,0.69,5.36,2.7,7.0,5.74,96.0,18.24,15.86,70.36,192,191,2,3
1,0.17,9.62,0.91,1.0,,189.0,7.24,13.46,114.74,160,200,2,1
0,0.8,2.75,2.62,7.0,6.19,116.0,20.67,8.31,79.97,161,126,1,2
0,0.99,6.9,0.09,7.0,7.06,,5.04,22.92,94.6,23,104,1,1
0,0.28,3.47,2.35,7.0,3.99,90.0,7.01,15.2,72.8,136,33,2,2
1,0.56,4.95,4.4,1.0,5.07,115.0,7.8,7.08,86.73,24,29,1,2
0,,9.57,1.04,7.0,3.8,16.0,22.38,11.31,28.56,141,183,1,3
0,0.11,8.38,4.79,7.0,3.1,65.0,23.46,23.97,53.82,67,189,1,1
1,0.21,0.16,0.34,6.0,3.19,100.0,15.49,14.28,72.66,127,203,3,2
0,0.78,6.5,4.26,7.0,6.49,144.0,13.05,7.18,93.31,208,147,1,3
0,0.97,1.11,3.88,4.0,7.78,86.0,5.43,10.35,66.02,87,205,2,3
0,0.36,5.88,3.31,5.0,4.46,48.0,13.79,14.15,45.17,142,85,1,3
1,0.39,2.95,1.03,5.0,4.76,31.0,11.13,12.44,42.27,45,192,1,3
0,0.48,3.78,1.99,6.0,5.06,65.0,23.71,9.39,56.4,139,85,3,2
0,0.86,0.2,2.88,0.0,7.15,109.0,11.44,20.8,76.57,41,19,1,2
0,0.32,1.84,3.38,7.0,4.53,192.0,11.27,18.32,125.39,94,163,1,3
0,0.22,7.33,4.99,5.0,3.92,72.0,6.52,17.1,63.38,179,35,3,2
0,0.49,7.57,2.37,1.0,4.47,82.0,5.35,24.66,61.67,202,149,2,3
1,0.03,3.1,1.88,0.0,2.58,33.0,6.34,16.07,37.98,143,79,2,1
0,0.16,0.62,4.93,5.0,2.8,51.0,14.18,24.34,46.75,105,62,1,3
0,0.62,6.48,2.13,2.0,5.99,21.0,20.27,23.51,32.21,62,37,2,3
1,0.9,5.39,0.03,3.0,7.31,59.0,15.24,17.2,57.69,105,117,3,3
0,0.92,9.03,4.76,3.0,7.19,102.0,19.19,17.72,76.06,62,69,1,3
0,0.05,6.51,2.15,0.0,2.76,31.0,11.3,22.03,42.15,133,148,1,2
0,0.8,6.27,1.83,4.0,6.02,97.0,21.49,7.09,70.01,74,124,3,2
1,0.27,0.72,0.19,4.0,3.46,94.0,5.23,24.43,70.61,91,129,1,2
1,0.71,7.54,1.57,0.0,6.15,36.0,22.03,18.36,45.6,173,62,3,2
0,0.67,2.39,4.09,5.0,6.31,11.0,11.65,23.72,30.59,127,84,1,2
0,0.12,3.83,2.76,2.0,3.4,202.0,21.0,15.91,121.46,145,162,1,3
0,0.67,1.2,3.93,4.0,6.14,,17.85,12.77,37.81,53,152,3,2
1,0.39,0.15,0.87,2.0,4.71,116.0,15.32,13.94,82.72,162,74,1,2
1,0.66,5.36,2.8,6.0,5.69,188.0,8.82,10.18,120.17,133,24,1,1
0,0.96,3.89,0.19,4.0,6.92,200.0,20.99,5.54,127.88,135,169,2,2
1,0.13,5.53,3.08,0.0,3.36,182.0,21.0,12.44,116.06,165,138,1,2
0,0.74,1.51,2.08,3.0,5.93,88.0,23.24,19.99,69.62,114,67,1,2
1,0.51,9.42,0.63,7.0,4.76,204.0,10.7,13.69,127.13,180,142,1,2
0,0.14,9.85,2.03,4.0,2.79,47.0,23.38,13.43,47.07,102,182,1,2
0,0.02,5.33,2.51,1.0,2.75,,18.61,17.56,111.11,190,12,1,3
0,0.23,0.79,1.36,7.0,3.39,51.0,22.1,9.16,52.31,38,136,3,3
1,0.39,3.74,1.75,4.0,4.47,31.0,7.73,9.14,42.49,147,120,1,2
0,0.96,8.86,2.87,,7.39,53.0,14.85,9.8,55.42,120,175,1,3
0,0.79,1.12,0.98,6.0,6.35,200.0,15.9,10.25,123.45,68,208,1,2
1,0.4,3.02,4.71,0.0,4.65,114.0,15.59,10.97,78.76,63,180,2,3
0,1.0,5.84,3.95,7.0,7.17,,18.41,19.31,36.46,158,137,1,2
0,0.95,8.04,4.45,0.0,7.51,131.0,19.37,5.99,91.08,127,102,2,3
1,0.56,0.76,4.51,6.0,4.96,172.0,7.17,8.5,111.64,204,124,1,3
0,0.98,0.33,2.71,0.0,7.28,122.0,11.99,5.38,89.36,58,157,1,3
0,0.36,6.04,1.37,,3.91,29.0,23.17,14.72,40.68,159,141,2,2
0,0.28,1.66,4.54,5.0,4.31,26.0,9.35,22.17,37.85,185,54,1,2
1,0.69,8.05,2.0,2.0,5.62,114.0,5.05,20.03,78.42,201,147,2,2
1,0.38,0.64,3.06,5.0,4.19,161.0,6.09,6.61,104.62,30,134,1,2
0,0.4,9.82,3.55,,4.51,20.0,19.78,23.61,33.97,107,60,1,3
1,0.64,6.32,2.69,6.0,5.83,146.0,8.66,12.47,97.47,190,198,1,2
0,0.71,5.75,,3.0,5.75,173.0,17.8,6.42,111.49,97,114,3,2
0,,7.25,1.82,6.0,5.77,191.0,11.26,14.23,121.07,182,194,1,2
0,0.09,7.57,2.7,4.0,2.9,115.0,18.58,12.3,78.42,121,99,2,3
1,0.26,7.51,2.45,5.0,3.5,53.0,9.71,7.91,51.07,86,66,2,3
0,0.47,0.95,4.55,4.0,4.63,,16.11,23.99,66.91,79,192,3,3
1,0.65,8.73,1.59,4.0,5.79,95.0,12.9,8.52,71.09,86,72,2,2
1,0.39,5.18,0.78,1.0,4.24,47.0,18.86,9.79,47.46,30,158,3,2
1,1.0,9.99,1.27,2.0,7.34,42.0,15.76,22.05,44.02,139,115,3,2
1,0.92,9.06,3.06,2.0,7.13,158.0,9.93,13.45,106.53,100,152,3,3
0,0.68,3.49,1.14,2.0,5.92,110.0,18.93,23.32,81.49,82,171,1,2
0,0.78,6.21,1.03,4.0,6.67,37.0,15.84,5.87,41.97,196,24,2,1
1,0.73,3.73,1.63,5.0,6.41,78.0,5.13,13.55,59.24,83,129,2,2
0,0.9,8.45,0.8,6.0,6.88,169.0,21.11,11.65,113.06,154,180,2,2
0,0.14,4.21,3.26,,3.47,124.0,20.3,8.96,91.17,190,69,1,1
1,0.4,2.08,3.62,5.0,4.3,71.0,9.93,5.07,63.1,91,181,2,1
1,0.57,4.12,3.92,2.0,5.79,108.0,7.4,16.04,83.71,192,35,1,2
1,0.05,4.28,3.35,6.0,2.39,68.0,9.62,8.84,61.46,31,154,1,3
0,0.71,1.6,3.46,5.0,5.63,30.0,22.88,17.44,36.76,64,154,1,2
1,0.59,6.86,2.14,2.0,5.3,116.0,6.6,16.71,83.8,191,56,1,1
1,0.42,2.67,4.39,1.0,4.66,157.0,7.11,7.68,100.77,133,121,1,2
1,0.28,8.22,2.84,2.0,3.71,60.0,18.83,7.17,52.96,127,123,1,1
1,0.19,6.36,1.15,4.0,2.98,47.0,9.93,5.78,45.64,177,205,1,3
0,0.56,3.86,1.09,7.0,5.22,,24.23,9.01,82.88,185,58,1,2
0,0.41,5.93,1.18,6.0,4.54,20.0,9.29,23.87,36.63,68,47,1,3
0,0.45,1.04,1.38,5.0,5.18,,16.69,9.88,127.52,169,204,1,2
1,0.39,8.16,0.64,3.0,4.43,170.0,11.8,12.12,111.9,153,153,3,3
1,0.75,9.33,0.88,3.0,5.84,,7.08,24.44,77.38,183,181,2,2
0,0.94,7.45,0.58,5.0,7.33,90.0,6.71,17.26,73.24,201,137,1,1
1,0.63,6.98,4.99,3.0,5.37,31.0,8.17,5.99,43.77,93,94,3,2
0,0.11,2.68,4.86,3.0,2.95,61.0,5.34,22.97,57.32,192,154,1,3
1,0.01,3.48,4.3,0.0,2.49,207.0,15.14,8.6,125.35,175,68,1,3
0,0.93,0.88,0.27,0.0,6.94,72.0,15.04,9.72,61.36,94,186,2,1
0,,6.28,0.07,7.0,5.49,196.0,15.57,12.86,120.48,73,22,1,3
0,0.56,5.27,3.4,6.0,4.89,139.0,17.67,22.45,93.39,29,88,2,2
0,0.2,3.81,4.47,5.0,3.31,79.0,18.37,15.33,68.77,10,70,1,2
1,0.28,8.2,0.98,4.0,3.71,158.0,17.68,24.94,105.09,109,144,1,3
1,0.85,6.31,2.07,5.0,6.85,120.0,11.96,12.46,84.4,62,188,2,1
0,0.63,6.67,3.96,1.0,5.67,64.0,22.73,23.09,61.48,11,181,1,2
0,0.03,8.35,1.64,3.0,,129.0,5.97,20.0,94.27,60,59,3,2
0,0.44,5.03,1.73,5.0,5.17,67.0,8.28,20.18,61.77,198,105,2,2
1,0.95,9.57,4.74,3.0,7.17,74.0,10.7,13.53,58.57,146,202,3,1
1,0.36,1.91,4.18,2.0,4.53,115.0,22.48,8.81,80.99,23,73,2,3
1,0.47,4.3,1.49,4.0,4.37,91.0,5.36,5.62,67.63,134,29,2,1
0,0.3,1.38,2.19,6.0,4.37,51.0,11.21,21.72,48.32,46,38,3,2
1,0.32,7.69,1.45,2.0,4.36,37.0,7.28,16.87,46.28,160,171,3,2
1,0.66,6.26,1.0,1.0,6.12,137.0,10.93,24.81,98.01,71,177,1,1
0,0.65,7.07,1.48,2.0,5.59,56.0,20.48,18.04,49.93,202,154,3,3
0,0.55,6.65,0.23,0.0,5.4,,10.19,5.44,129.14,131,45,1,3
0,0.89,4.44,3.29,5.0,6.94,123.0,5.52,7.51,91.15,52,167,3,2
0,0.07,2.88,4.22,3.0,2.6,83.0,9.44,22.12,71.02,74,34,3,2
1,0.33,9.35,0.27,4.0,3.78,154.0,12.33,21.7,103.84,173,184,3,3
0,0.38,6.18,2.08,7.0,4.2,118.0,20.28,7.4,80.21,122,29,2,2
0,0.61,5.75,0.96,4.0,5.24,164.0,6.47,22.55,103.67,95,78,2,2
0,0.46,2.32,1.92,5.0,4.55,66.0,8.17,17.35,62.83,13,40,2,2
0,0.13,0.15,4.31,4.0,3.5,185.0,7.91,23.17,120.3,74,206,3,2
0,0.15,3.82,2.22,1.0,3.01,43.0,17.49,20.52,43.84,66,14,1,2
1,0.98,5.39,4.6,4.0,7.47,199.0,13.9,14.7,121.41,177,30,3,3
0,0.67,9.06,1.37,7.0,6.25,,10.88,23.55,106.98,18,142,3,1
0,0.49,3.87,0.37,0.0,4.52,93.0,19.71,13.85,71.21,43,24,1,2
0,0.82,3.81,3.02,2.0,6.55,177.0,23.07,14.11,110.04,70,83,1,2
1,0.68,6.18,4.43,2.0,6.11,14.0,10.79,11.51,30.72,39,102,3,2
1,0.29,3.38,2.58,0.0,4.03,121.0,14.39,11.57,90.42,25,142,2,2
1,0.38,8.01,3.13,6.0,4.09,135.0,6.44,11.18,94.4,155,31,1,2
1,0.73,7.47,1.02,0.0,6.65,188.0,11.11,9.5,118.99,16,96,1,2
1,0.61,8.76,3.8,2.0,5.48,97.0,9.04,10.62,74.52,76,93,2,3
0,0.52,2.39,2.69,7.0,4.83,194.0,24.39,19.33,123.27,143,69,2,2
1,0.57,5.71,0.54,5.0,4.95,19.0,22.21,5.99,36.85,189,127,2,3
0,0.46,4.81,,6.0,5.07,186.0,14.55,11.17,120.55,177,140,2,2
0,0.71,5.48,2.99,6.0,6.3,76.0,10.61,15.8,59.7,131,111,1,1
1,0.37,5.57,0.19,5.0,,126.0,20.16,23.46,92.74,203,34,2,2
0,0.97,8.25,0.23,5.0,7.6,83.0,23.38,10.67,70.19,177,43,3,3
0,0.73,2.2,2.06,3.0,6.45,,16.18,18.77,89.37,128,53,1,1
0,0.65,7.91,2.05,7.0,6.22,195.0,11.3,18.13,120.48,184,186,1,3
0,0.28,4.01,0.9,4.0,3.84,192.0,16.24,21.4,123.54,45,30,1,2
0,0.22,7.05,3.49,6.0,3.24,185.0,16.31,18.64,117.99,80,103,1,3
1,0.88,8.16,0.57,4.0,6.89,72.0,22.02,20.7,59.26,126,127,3,3
0,0.42,8.39,2.04,7.0,4.3,45.0,14.73,19.38,48.62,209,172,1,2
0,0.77,6.69,1.77,2.0,6.29,18.0,8.95,6.19,36.32,187,45,1,3
0,0.15,1.57,4.16,3.0,3.02,108.0,20.81,19.97,74.57,153,189,1,3
1,0.49,1.75,2.51,0.0,5.07,57.0,6.03,13.39,53.54,84,139,1,1
0,0.82,8.26,4.33,3.0,6.7,201.0,22.35,5.9,130.47,83,90,1,3
1,0.16,0.41,0.1,0.0,3.47,88.0,17.84,12.74,64.19,175,173,3,3
0,0.13,3.44,4.64,3.0,3.34,,7.1,21.3,126.68,65,51,3,1
0,0.7,4.93,4.61,7.0,5.95,126.0,23.73,17.33,92.75,95,70,2,3
0,0.61,3.3,3.35,7.0,5.49,131.0,21.56,22.89,90.63,101,113,3,2
0,0.29,0.19,3.3,6.0,4.44,195.0,10.53,14.13,125.19,150,87,2,2
1,0.61,6.8,2.34,1.0,5.14,167.0,15.74,13.24,112.63,89,209,3,3
0,0.41,7.32,0.53,7.0,4.18,169.0,21.11,7.53,104.98,70,71,3,3
1,0.99,5.03,1.79,7.0,7.62,103.0,9.67,10.15,76.1,16,56,3,1
1,0.42,8.53,0.36,3.0,4.52,94.0,15.2,7.37,75.72,161,121,1,2
0,0.93,6.38,4.35,6.0,6.68,146.0,14.36,8.09,101.44,103,16,1,3
0,0.36,1.12,4.8,3.0,4.37,112.0,20.8,23.84,81.81,33,119,1,3
0,0.77,3.35,0.18,2.0,5.9,56.0,14.22,15.4,57.6,182,47,1,2
0,0.94,4.02,2.91,7.0,7.4,134.0,9.42,18.51,93.15,173,77,1,3
0,0.53,9.03,1.78,6.0,4.84,27.0,6.87,21.27,37.97,50,199,1,1
0,0.81,1.26,2.96,2.0,6.92,101.0,12.26,20.95,71.42,146,141,1,3
0,0.41,6.15,2.11,0.0,5.02,32.0,23.07,14.18,36.98,131,113,1,1
1,0.88,1.33,3.93,2.0,6.95,194.0,18.76,16.64,123.8,53,206,3,2
1,0.83,8.72,1.03,3.0,6.94,60.0,22.5,22.42,53.38,131,172,3,3
1,0.04,5.22,0.18,6.0,2.24,155.0,24.21,12.59,107.17,122,63,1,2
0,0.01,8.77,3.48,7.0,2.3,116.0,24.18,7.19,87.41,24,190,1,1
1,0.13,6.5,3.01,4.0,2.72,66.0,10.99,5.21,56.04,191,200,3,2
1,0.92,8.61,4.9,7.0,7.25,,13.31,24.73,129.17,88,20,3,2
0,0.73,5.05,0.94,4.0,6.04,,8.54,5.86,89.45,70,93,2,3
0,0.45,7.4,4.89,4.0,4.69,147.0,15.89,19.81,102.03,101,54,1,2
0,0.82,3.68,0.91,2.0,7.07,57.0,22.29,23.11,49.59,62,10,1,2
1,0.15,6.58,0.48,7.0,3.11,130.0,7.25,12.08,94.05,178,122,3,3
0,0.14,5.33,3.74,0.0,3.04,81.0,21.87,21.83,65.03,150,116,2,2
1,0.28,0.62,3.04,2.0,3.41,82.0,20.68,7.67,69.8,132,186,2,2
1,0.86,3.87,1.32,3.0,7.25,177.0,11.62,18.3,114.32,141,14,3,2
1,0.39,1.76,3.6,3.0,4.2,174.0,8.31,17.07,116.85,90,40,1,1
0,0.2,9.53,2.48,1.0,3.55,156.0,17.28,21.6,104.58,47,104,1,3
0,0.02,6.89,3.17,7.0,2.95,90.0,13.78,10.12,68.2,114,201,3,1
0,0.72,6.33,2.71,6.0,6.56,199.0,23.61,16.83,124.13,179,176,1,1
1,0.18,0.74,0.8,1.0,3.52,165.0,18.79,21.84,103.16,15,159,2,1
1,0.61,8.41,0.92,4.0,,165.0,23.37,24.64,110.63,131,104,1,2
0,0.43,5.14,1.51,4.0,4.24,149.0,17.85,17.84,100.56,181,68,1,2
0,0.85,9.87,4.05,2.0,7.17,125.0,22.95,23.58,85.16,177,170,1,3
1,0.39,0.46,4.55,6.0,4.06,148.0,11.32,8.27,101.25,87,92,3,2
1,0.85,8.26,2.96,2.0,6.42,16.0,11.5,12.5,32.32,198,115,3,1
1,0.32,3.94,0.44,3.0,3.8,35.0,8.61,10.09,47.49,181,49,3,3
1,0.66,3.37,4.83,1.0,5.87,182.0,8.91,12.15,116.56,194,66,3,2
0,0.81,7.73,2.07,0.0,6.12,115.0,10.03,11.95,82.64,163,106,3,3
1,0.83,3.52,2.45,2.0,6.86,102.0,18.98,18.77,80.27,25,119,2,1
0,0.16,6.42,4.88,5.0,3.24,202.0,19.37,9.06,123.43,83,77,1,3
0,0.69,8.48,0.94,6.0,5.93,204.0,19.76,19.68,126.12,80,38,1,3
0,0.05,4.6,2.51,5.0,3.13,105.0,18.65,22.36,75.14,84,159,1,1
1,0.01,8.6,1.54,0.0,2.41,,14.24,5.51,35.7,153,102,1,3
1,0.64,5.65,1.96,4.0,5.49,119.0,11.06,9.43,79.94,184,204,2,1
1,0.9,2.2,3.3,0.0,7.35,14.0,10.63,15.59,34.46,188,61,3,1
1,0.11,8.47,4.83,1.0,3.27,207.0,21.52,5.97,123.96,169,76,3,2
1,0.95,6.56,2.61,0.0,7.3,184.0,13.83,7.37,114.98,18,196,3,3
1,0.5,3.26,4.7,1.0,4.99,38.0,5.65,8.95,39.96,68,83,2,2
1,0.02,2.72,3.13,1.0,2.71,172.0,7.59,10.74,108.43,128,50,2,3
1,0.2,6.5,2.94,2.0,3.48,99.0,12.75,6.32,78.18,34,179,1,2
1,0.32,5.32,4.78,6.0,3.71,,9.71,9.23,93.17,95,88,2,1
1,0.49,0.25,0.61,7.0,4.95,25.0,22.4,19.39,33.31,106,207,2,3
1,0.23,7.47,0.27,1.0,3.8,92.0,16.98,21.55,72.85,63,157,3,2
1,0.94,2.53,1.97,0.0,7.43,50.0,16.4,22.56,47.69,41,147,2,2
0,0.36,4.7,4.08,5.0,4.72,103.0,17.57,22.72,74.51,27,205,1,3
1,0.21,1.54,3.16,2.0,3.36,127.0,19.1,6.66,92.64,167,161,3,1
1,0.02,2.78,4.71,6.0,2.49,,6.63,10.72,33.71,205,179,2,2
0,0.22,0.39,4.92,7.0,3.47,108.0,8.0,15.23,74.64,90,28,1,2
1,0.59,3.9,4.18,0.0,5.23,,10.05,6.89,111.16,33,63,1,2
1,0.56,8.8,1.94,3.0,5.42,60.0,13.19,14.22,52.27,100,30,1,3
0,0.13,0.77,4.99,5.0,,32.0,10.2,20.57,39.83,154,61,2,3
0,0.72,1.62,0.26,1.0,6.16,130.0,19.56,8.83,89.49,193,47,1,2
0,0.4,1.82,1.24,5.0,4.05,145.0,20.7,18.06,93.63,77,74,1,2
1,0.08,0.16,3.96,4.0,2.54,96.0,10.21,13.1,71.42,22,139,2,1
0,0.66,5.46,0.58,5.0,5.51,127.0,22.69,11.62,91.15,83,99,1,2
0,0.2,0.17,0.64,3.0,3.88,146.0,21.66,13.23,95.85,12,115,1,1
0,0.38,1.29,3.33,6.0,4.67,133.0,24.17,12.82,94.67,67,195,1,1
0,0.37,6.9,3.77,7.0,4.31,68.0,10.4,18.82,56.64,69,137,1,3
0,0.83,1.69,4.75,1.0,7.0,83.0,5.11,24.17,63.02,47,51,1,2
0,0.08,8.78,4.35,4.0,3.37,38.0,11.06,21.2,47.06,209,187,2,3
0,0.52,7.18,0.63,2.0,4.97,46.0,8.19,20.22,49.85,74,21,2,2
0,0.39,2.32,4.73,7.0,4.5,201.0,8.11,14.92,126.74,190,114,1,3
1,0.15,5.23,3.68,0.0,2.91,,22.78,5.68,66.56,56,127,1,2
1,0.92,5.84,4.81,2.0,7.27,82.0,6.85,18.59,64.31,196,184,2,2
0,0.41,2.19,1.83,2.0,4.27,,14.98,17.94,75.97,159,23,1,3
1,0.69,7.02,2.68,3.0,5.61,190.0,8.58,16.21,121.25,168,199,2,1
0,0.93,6.27,2.16,3.0,7.17,,21.66,18.17,62.99,55,164,1,2
0,0.63,7.81,4.18,0.0,5.8,90.0,19.18,21.19,68.63,31,87,1,1
1,0.22,5.99,0.59,1.0,3.13,,24.25,16.11,30.97,85,200,2,2
0,0.51,8.14,1.66,6.0,4.94,191.0,23.26,14.82,123.28,85,68,2,3
1,0.74,1.02,0.38,6.0,6.32,184.0,7.16,12.88,121.23,148,38,2,2
1,0.32,7.55,2.66,2.0,4.51,16.0,17.09,12.96,33.55,28,180,1,1
0,0.16,5.42,0.25,4.0,2.99,83.0,17.61,9.19,71.38,138,25,2,3
0,0.79,3.81,1.91,4.0,6.77,201.0,20.13,21.52,123.45,179,136,1,3
1,0.7,6.98,4.14,0.0,6.38,140.0,21.76,12.64,99.4,187,78,2,1
0,0.86,9.11,4.43,3.0,7.12,194.0,24.03,24.9,120.63,129,35,1,2
0,0.35,4.05,3.21,1.0,4.54,163.0,14.43,22.24,111.46,78,184,2,2
1,0.57,2.14,1.75,1.0,5.22,,9.95,7.38,62.04,148,126,2,3
0,0.43,6.69,1.04,4.0,5.03,137.0,10.82,21.35,89.04,174,77,2,3
0,0.35,6.63,3.37,4.0,4.47,,15.81,22.34,37.78,15,75,2,1
1,0.41,2.05,1.3,2.0,4.23,149.0,12.56,13.55,98.82,17,10,3,2
0,0.66,3.02,2.04,4.0,5.98,43.0,8.7,18.92,49.39,156,34,2,2
1,0.31,7.27,0.27,4.0,4.24,,11.65,10.6,99.32,183,91,2,2
1,0.43,9.58,0.8,4.0,5.13,206.0,11.49,6.14,123.87,200,56,3,2
0,0.64,6.72,3.68,5.0,5.54,141.0,18.43,12.47,94.55,180,118,2,1
0,0.71,3.55,1.37,3.0,6.54,138.0,16.91,17.31,94.17,35,139,1,1
1,0.51,0.14,0.2,3.0,4.56,96.0,9.52,12.19,68.19,117,134,1,3
1,0.47,9.18,3.33,2.0,4.45,148.0,14.0,5.21,100.11,36,133,2,3
0,0.95,2.04,1.15,2.0,7.44,91.0,6.45,13.43,74.36,26,193,1,3
0,,9.22,0.0,4.0,5.68,163.0,20.26,20.73,105.75,50,84,1,3
0,0.23,7.69,2.73,6.0,3.19,181.0,7.93,24.13,116.92,209,76,1,3
1,0.04,5.32,1.93,5.0,2.3,110.0,10.49,7.94,82.54,99,62,3,1
0,0.37,8.03,4.17,2.0,3.9,22.0,19.0,15.94,33.84,163,154,1,3
1,0.36,2.87,1.74,3.0,3.98,28.0,10.35,14.09,36.9,160,142,1,2
1,0.82,1.38,3.59,0.0,6.63,38.0,18.34,12.94,39.28,141,26,3,2
0,0.91,1.19,1.74,0.0,7.45,77.0,19.1,7.72,67.96,189,20,2,3
0,0.55,7.93,2.1,4.0,5.58,,15.73,21.32,102.05,84,180,1,2
1,0.72,5.49,1.29,4.0,5.85,48.0,16.93,15.44,44.8,99,43,2,2
1,,4.08,0.79,5.0,6.72,43.0,11.73,21.53,49.05,182,112,2,2
0,0.03,8.33,2.75,4.0,,67.0,12.39,14.22,54.08,12,176,2,3
0,0.05,4.19,1.97,4.0,2.83,109.0,23.86,13.53,83.09,16,156,1,1
0,0.84,2.28,0.35,5.0,6.98,69.0,10.95,21.42,63.29,65,128,1,3
1,0.57,3.32,3.19,3.0,5.72,,7.45,6.99,88.11,162,159,2,1
1,0.97,3.0,4.31,5.0,7.43,204.0,6.54,12.83,124.34,197,90,3,3
0,0.02,0.87,4.6,2.0,2.49,169.0,16.49,23.89,111.38,208,82,2,3
1,0.13,7.94,4.03,5.0,3.52,189.0,16.15,8.12,120.51,115,145,1,2
1,0.54,1.21,3.58,1.0,5.1,155.0,6.79,8.18,104.07,198,92,1,2
0,1.0,2.42,4.71,7.0,7.86,91.0,10.63,24.34,68.78,15,108,1,2
0,0.01,4.98,3.71,2.0,3.02,177.0,17.06,21.63,114.52,169,15,1,2
0,0.37,5.75,1.6,3.0,4.51,186.0,7.2,20.32,122.32,90,118,2,3
0,0.94,5.34,1.23,0.0,6.83,16.0,15.81,5.47,34.95,123,85,3,1
1,0.89,9.58,2.86,3.0,6.64,90.0,14.1,11.94,74.44,19,161,1,2
1,0.39,3.79,4.32,3.0,4.89,121.0,9.44,6.39,85.6,95,144,2,2
0,0.11,4.27,0.75,7.0,3.15,,23.95,6.1,38.72,123,52,3,2
0,0.76,9.67,0.52,5.0,6.09,,18.79,11.78,118.82,59,162,2,2
1,0.36,5.28,0.28,5.0,4.66,195.0,24.21,8.94,124.45,162,196,1,2
1,0.4,9.24,2.08,1.0,4.76,87.0,22.57,9.11,69.97,123,151,1,2
1,0.15,5.63,4.65,2.0,3.33,54.0,8.42,10.0,47.34,181,148,2,2
0,0.45,1.42,4.94,6.0,4.3,,21.89,22.98,115.33,150,88,3,2
1,0.81,8.78,2.71,3.0,6.93,179.0,18.2,14.35,113.77,44,183,2,2
0,0.43,4.36,,2.0,5.11,78.0,10.45,21.52,63.42,43,133,1,3
0,0.92,6.88,0.18,7.0,6.73,156.0,17.55,8.51,98.22,191,142,1,2
0,0.53,6.33,4.98,7.0,5.51,19.0,10.76,12.98,32.8,71,151,1,1
0,0.91,6.76,4.31,0.0,7.49,202.0,20.05,20.43,125.68,97,183,1,2
1,0.54,5.29,,1.0,5.43,51.0,5.19,8.32,55.46,174,93,1,2
1,0.38,6.39,2.56,5.0,4.79,33.0,18.7,5.22,41.18,175,171,2,3
1,0.04,7.67,2.59,0.0,2.32,48.0,7.54,6.72,52.33,209,109,3,2
0,0.84,2.49,1.78,2.0,6.46,22.0,19.16,8.09,36.06,182,188,2,3
0,0.76,0.32,3.83,5.0,6.18,205.0,21.79,5.28,124.52,138,109,1,1
1,0.45,8.21,1.27,3.0,4.88,94.0,14.05,8.51,72.42,16,162,3,1
1,0.29,3.16,2.78,0.0,3.83,95.0,5.59,11.64,74.92,130,106,3,3
0,0.94,9.69,1.56,7.0,7.52,,18.47,22.19,115.77,152,106,1,2
0,0.53,5.18,2.65,6.0,4.68,75.0,21.83,11.15,66.38,80,15,1,1
0,0.75,3.97,3.91,4.0,6.02,20.0,15.6,10.03,37.51,122,75,3,2
0,0.19,2.93,1.7,7.0,3.35,206.0,21.03,15.74,132.14,209,65,3,3
0,0.78,0.22,3.45,3.0,6.11,97.0,21.93,7.86,77.04,140,16,2,2
0,0.06,4.02,4.18,4.0,2.79,39.0,6.39,19.68,44.32,191,72,2,2
1,0.5,9.49,0.17,3.0,4.71,127.0,20.39,7.08,91.68,160,15,2,2
1,0.87,5.57,0.37,6.0,7.2,70.0,14.78,11.51,62.35,11,16,1,1
1,0.35,9.05,4.63,0.0,4.74,11.0,16.74,17.06,32.36,111,194,1,3
1,0.59,0.52,0.58,6.0,5.89,,23.65,21.98,101.51,56,164,2,3
0,0.85,1.72,4.87,6.0,6.82,160.0,8.64,10.87,106.84,191,107,2,3
0,0.37,6.12,3.16,6.0,3.91,19.0,20.9,5.97,29.62,67,114,3,2
1,0.34,5.51,0.59,2.0,4.3,95.0,21.19,12.44,74.98,129,107,2,2
0,0.76,5.55,3.18,7.0,6.79,199.0,22.67,11.64,123.31,185,80,1,2
